image_id,coco_image_id,ann_id,image_path,width,height,anatomical_region,x_min,y_min,bbox_w,bbox_h,x_max,y_max,area,segmentation_points,is_malformed,malformed_reasons
IMG0000019.jpg,1,0,E:/FracAtlas/images/Fractured/IMG0000019.jpg,2304,2880,hand,1242.2970297029703,929.1089108910893,273.2673267326734,147.3267326732672,1515.5643564356437,1076.4356435643565,25033.78100186259,8,False,None
IMG0000025.jpg,2,1,E:/FracAtlas/images/Fractured/IMG0000025.jpg,2880,2304,hand,1466.504519309778,2010.557107641742,155.24075595727209,153.34757600657372,1621.7452752670501,2163.9046836483158,15220.009428197794,6,False,None
IMG0000044.jpg,3,2,E:/FracAtlas/images/Fractured/IMG0000044.jpg,2304,2880,hand,1426.5110928512734,1072.0131470829908,144.35497124075596,115.95727198027953,1570.8660640920293,1187.9704190632704,13023.273550745427,6,False,None
IMG0000057.jpg,4,3,E:/FracAtlas/images/Fractured/IMG0000057.jpg,2304,2880,hand,1130.6138613861388,1119.2079207920794,140.19801980198008,99.80198019801969,1270.8118811881188,1219.0099009900991,9658.347220860684,5,False,None
IMG0000058.jpg,5,4,E:/FracAtlas/images/Fractured/IMG0000058.jpg,2304,2880,hand,1190.019801980198,1349.7029702970299,95.04950495049502,161.58415841584156,1285.069306930693,1511.2871287128714,10558.96480737182,6,False,None
IMG0000059.jpg,6,5,E:/FracAtlas/images/Fractured/IMG0000059.jpg,2304,2880,hand,1182.891089108911,943.3663366336635,125.94059405940584,78.41584158415844,1308.8316831683169,1021.782178217822,6569.708852073323,5,False,None
IMG0000092.jpg,7,6,E:/FracAtlas/images/Fractured/IMG0000092.jpg,2304,2880,leg,1078.3366336633665,1219.0099009900991,356.4356435643565,133.06930693069307,1434.772277227723,1352.0792079207922,25290.696990491117,6,False,None
IMG0000100.jpg,8,7,E:/FracAtlas/images/Fractured/IMG0000100.jpg,2304,2880,hand,683.4379622021364,1038.8824979457681,151.454396055875,139.62202136400992,834.8923582580114,1178.504519309778,14666.93331730908,7,False,None
IMG0000142.jpg,9,8,E:/FracAtlas/images/Fractured/IMG0000142.jpg,2304,2880,hand,1130.6138613861388,1359.2079207920794,163.9603960396039,185.34653465346537,1294.5742574257426,1544.5544554455448,17171.022448779528,5,False,None
IMG0000143.jpg,10,9,E:/FracAtlas/images/Fractured/IMG0000143.jpg,2304,2880,hand,1627.2475247524753,758.0198019801982,161.58415841584156,173.46534653465346,1788.8316831683169,931.4851485148516,20601.27438486423,5,False,None
IMG0000144.jpg,11,10,E:/FracAtlas/images/Fractured/IMG0000144.jpg,2304,2880,hand,1686.6534653465349,629.7029702970298,154.45544554455432,201.98019801980206,1841.1089108910892,831.6831683168318,20906.185668071746,6,False,None
IMG0000151.jpg,12,11,E:/FracAtlas/images/Fractured/IMG0000151.jpg,2304,2880,leg,961.90099009901,1040.792079207921,104.55445544554459,339.8019801980197,1066.4554455445545,1380.5940594059407,25804.52896774825,6,False,None
IMG0000155.jpg,13,12,E:/FracAtlas/images/Fractured/IMG0000155.jpg,2304,2880,hand,491.7534921939195,1043.6154478225144,120.69022185702539,123.05669679539847,612.4437140509449,1166.6721446179129,10237.172242856435,6,False,None
IMG0000156.jpg,14,13,E:/FracAtlas/images/Fractured/IMG0000156.jpg,2304,2880,hand,647.9408381265407,1090.9449465899752,134.88907148726366,85.19309778142974,782.8299096138044,1176.138044371405,7115.058716930587,6,False,None
IMG0000188.jpg,15,14,E:/FracAtlas/images/Fractured/IMG0000188.jpg,2304,2880,hand,985.6633663366337,1996.0396039603963,95.04950495049513,87.92079207920801,1080.7128712871288,2083.9603960396043,6273.267326732675,5,False,None
IMG0000189.jpg,16,15,E:/FracAtlas/images/Fractured/IMG0000189.jpg,2304,2880,hand,840.7128712871287,1575.4455445544556,95.04950495049513,80.79207920792078,935.7623762376238,1656.2376237623764,5606.979707871775,5,False,None
IMG0000190.jpg,17,16,E:/FracAtlas/images/Fractured/IMG0000190.jpg,2304,2880,hand,1315.9603960396041,886.3366336633665,280.3960396039604,156.83168316831689,1596.3564356435645,1043.1683168316833,26716.43956474858,5,False,None
IMG0000206.jpg,18,17,E:/FracAtlas/images/Fractured/IMG0000206.jpg,2304,2880,hand,759.9207920792079,993.2673267326734,363.5643564356436,261.3861386138615,1123.4851485148515,1254.6534653465349,64502.85266150383,8,False,None
IMG0000207.jpg,19,18,E:/FracAtlas/images/Fractured/IMG0000207.jpg,2304,2880,hand,750.4158415841584,976.6336633663368,268.5148514851485,225.74257425742576,1018.9306930693069,1202.3762376237626,42769.45397510052,7,False,None
IMG0000261.jpg,20,19,E:/FracAtlas/images/Fractured/IMG0000261.jpg,1760,2140,hand,1312.5718981101068,770.1889893179952,145.94905505341012,87.92111750205424,1458.5209531635169,858.1101068200494,10534.611491949487,7,False,None
IMG0000261.jpg,20,20,E:/FracAtlas/images/Fractured/IMG0000261.jpg,1760,2140,hand,470.28759244042726,750.8463434675432,126.60640920295816,91.43796220213642,596.8940016433854,842.2843056696796,7934.198147444215,6,False,None
IMG0000284.jpg,21,21,E:/FracAtlas/images/Fractured/IMG0000284.jpg,454,373,hand,304.8488085456039,222.5127362366475,38.92440427280201,25.74527526705012,343.7732128184059,248.25801150369762,668.8311640961483,7,False,None
IMG0000284.jpg,21,22,E:/FracAtlas/images/Fractured/IMG0000284.jpg,454,373,hand,98.58011503697615,201.67132292522598,36.16598192276088,23.599835661462606,134.74609695973703,225.27115858668859,632.4305916119822,9,False,None
IMG0000307.jpg,22,23,E:/FracAtlas/images/Fractured/IMG0000307.jpg,373,454,hand,76.74587458745874,215.76237623762378,27.34488448844884,25.84653465346534,104.09075907590758,241.60891089108912,423.61329226982116,6,False,None
IMG0000307.jpg,22,24,E:/FracAtlas/images/Fractured/IMG0000307.jpg,373,454,hand,283.14356435643566,221.3811881188119,26.59570957095707,16.48184818481849,309.73927392739273,237.8630363036304,230.74927430861976,6,False,None
IMG0000307.jpg,22,25,E:/FracAtlas/images/Fractured/IMG0000307.jpg,373,454,hand,248.6815181518152,321.39603960396045,10.863036303630366,17.23102310231019,259.54455445544556,338.62706270627064,110.77929587513245,5,False,None
IMG0000319.jpg,23,26,E:/FracAtlas/images/Fractured/IMG0000319.jpg,454,373,hand,271.13475760065734,111.56285949055054,32.18159408381268,23.906327033689408,303.31635168447,135.46918652423994,531.3074528269403,7,False,None
IMG0000351.jpg,24,27,E:/FracAtlas/images/Fractured/IMG0000351.jpg,454,373,hand,227.30649137222676,107.27198027937551,47.19967132292524,33.40755957271982,274.506162695152,140.67953985209533,977.8837666068694,8,False,None
IMG0000352.jpg,25,28,E:/FracAtlas/images/Fractured/IMG0000352.jpg,373,454,hand,187.99219391947412,154.8151191454396,35.81265406737876,41.408381265406746,223.80484798685288,196.22350041084636,872.7047706113551,8,False,None
IMG0000443.jpg,26,29,E:/FracAtlas/images/Fractured/IMG0000443.jpg,373,454,leg,157.02917009038617,246.21199671322927,20.89071487263766,53.345932621199665,177.91988496302383,299.55792933442893,890.3787469895478,4,False,None
IMG0000453.jpg,27,30,E:/FracAtlas/images/Fractured/IMG0000453.jpg,373,454,leg,190.97658175842236,201.07313064913723,35.43960558751024,46.25801150369762,226.4161873459326,247.33114215283484,1330.6973395926875,4,False,None
IMG0000454.jpg,28,31,E:/FracAtlas/images/Fractured/IMG0000454.jpg,373,454,leg,187.61914543960557,224.9482333607231,40.66228430566966,58.195562859490536,228.28142974527523,283.14379622021363,1441.0553180801412,4,False,None
IMG0000455.jpg,29,32,E:/FracAtlas/images/Fractured/IMG0000455.jpg,373,454,leg,200.67584223500407,215.99506984387838,35.812654067378816,60.806902218570286,236.48849630238288,276.80197206244867,1830.3002939053654,4,False,None
IMG0000456.jpg,30,33,E:/FracAtlas/images/Fractured/IMG0000456.jpg,373,454,leg,149.19515201314707,214.5028759244043,35.43960558751027,106.31881676253079,184.63475760065734,320.8216926869351,2214.0482455814617,5,False,None
IMG0000466.jpg,31,34,E:/FracAtlas/images/Fractured/IMG0000466.jpg,373,454,leg,185.00780608052588,123.8520953163517,20.517666392769087,35.81265406737879,205.52547247329497,159.66474938373048,442.1277397914645,4,False,None
IMG0000466.jpg,31,35,E:/FracAtlas/images/Fractured/IMG0000466.jpg,373,454,leg,215.97082990961377,116.76417419884963,12.310599835661463,33.94741166803617,228.28142974527523,150.7115858668858,289.1156372101889,4,False,None
IMG0000467.jpg,32,36,E:/FracAtlas/images/Fractured/IMG0000467.jpg,373,454,leg,217.08997534921937,107.81101068200493,23.12900575184881,43.27362366474938,240.21898110106818,151.0846343467543,643.4301557840208,5,False,None
IMG0000467.jpg,32,37,E:/FracAtlas/images/Fractured/IMG0000467.jpg,373,454,leg,246.18775677896463,96.61955628594906,16.787181594083847,36.18570254724732,262.9749383730485,132.80525883319638,396.13365165766845,4,False,None
IMG0000468.jpg,33,38,E:/FracAtlas/images/Fractured/IMG0000468.jpg,373,454,leg,236.11544782251434,80.20542317173377,26.113393590797045,49.6154478225144,262.2288414133114,129.82087099424817,829.8418987650302,5,False,None
IMG0000468.jpg,33,39,E:/FracAtlas/images/Fractured/IMG0000468.jpg,373,454,leg,267.45152013147083,77.96713229252259,14.548890714872584,44.76581758422351,282.0004108463434,122.7329498767461,389.10581065688973,4,False,None
IMG0000470.jpg,34,40,E:/FracAtlas/images/Fractured/IMG0000470.jpg,373,454,hand,223.05875102711582,173.09449465899755,32.08216926869352,26.859490550534105,255.14092029580934,199.95398520953165,529.3147177516005,6,False,None
IMG0000471.jpg,35,41,E:/FracAtlas/images/Fractured/IMG0000471.jpg,373,454,leg,148.82210353327855,155.56121610517667,26.48644207066556,50.36154478225143,175.3085456039441,205.9227608874281,1169.3353269114832,4,False,None
IMG0000472.jpg,36,42,E:/FracAtlas/images/Fractured/IMG0000472.jpg,454,373,leg,133.52013147082988,134.54971240755958,39.84387838948234,60.99178307313065,173.36400986031222,195.54149548069023,1526.0998724587107,6,False,None
IMG0000479.jpg,37,43,E:/FracAtlas/images/Fractured/IMG0000479.jpg,373,454,leg,150.68734593262118,197.34264585045193,52.22678718159406,92.88907148726375,202.91413311421525,290.2317173377157,2517.289147377368,7,False,None
IMG0000479.jpg,37,44,E:/FracAtlas/images/Fractured/IMG0000479.jpg,373,454,leg,133.90016433853737,221.96384552177486,18.279375513557937,48.12325390304025,152.1795398520953,270.0870994248151,610.5175934734516,5,False,None
IMG0000480.jpg,38,45,E:/FracAtlas/images/Fractured/IMG0000480.jpg,373,454,leg,176.42769104354971,159.66474938373048,29.097781429745254,79.45932621199671,205.52547247329497,239.1240755957272,1159.4545999598959,4,False,None
IMG0000599.jpg,39,46,E:/FracAtlas/images/Fractured/IMG0000599.jpg,454,373,hand,281.8619556285949,139.1470829909614,34.02054231717335,31.262119967132293,315.88249794576825,170.4092029580937,648.3998750243904,7,False,None
IMG0000600.jpg,40,47,E:/FracAtlas/images/Fractured/IMG0000600.jpg,373,454,hand,232.38496302382907,177.5710764174199,23.502054231717324,31.709120788824976,255.8870172555464,209.28019720624488,514.7719576608833,6,False,None
IMG0000671.jpg,41,48,E:/FracAtlas/images/Fractured/IMG0000671.jpg,373,454,hand,35.41536565324567,307.0188989317995,18.27937551355793,14.921939194741185,53.6947411668036,321.9408381265407,214.73185473661624,5,False,None
IMG0000671.jpg,41,49,E:/FracAtlas/images/Fractured/IMG0000671.jpg,373,454,hand,282.0004108463434,310.7493837304848,16.787181594083847,13.056696795398523,298.78759244042726,323.8060805258833,164.70197672118297,4,False,None
IMG0000692.jpg,42,50,E:/FracAtlas/images/Fractured/IMG0000692.jpg,373,454,hand,85.40386195562859,157.0534100246508,29.470829909613798,31.33607230895646,114.87469186524238,188.38948233360725,591.9390435010991,6,False,None
IMG0000692.jpg,42,51,E:/FracAtlas/images/Fractured/IMG0000692.jpg,373,454,hand,264.09408381265405,172.721446179129,36.93179950698436,23.12900575184881,301.0258833196384,195.8504519309778,643.3605731998546,6,False,None
IMG0000702.jpg,43,52,E:/FracAtlas/images/Fractured/IMG0000702.jpg,373,454,hand,167.3960396039604,212.01650165016503,26.595709570957098,34.83663366336634,193.9917491749175,246.85313531353137,645.1718840200856,7,False,None
IMG0000750.jpg,44,53,E:/FracAtlas/images/Fractured/IMG0000750.jpg,373,454,hand,134.43234323432344,156.95214521452147,34.087458745874585,31.090759075907584,168.51980198019803,188.04290429042905,579.9952115261037,6,False,None
IMG0000751.jpg,45,54,E:/FracAtlas/images/Fractured/IMG0000751.jpg,373,454,hand,149.7904290429043,143.0924092409241,37.458745874587464,27.344884488448855,187.24917491749176,170.43729372937295,754.7584958990956,7,False,None
IMG0000758.jpg,46,55,E:/FracAtlas/images/Fractured/IMG0000758.jpg,373,454,hand,233.6980198019802,112.75082508250826,48.69636963696371,41.953795379537965,282.3943894389439,154.70462046204622,1284.731137470184,6,False,None
IMG0000762.jpg,47,56,E:/FracAtlas/images/Fractured/IMG0000762.jpg,454,373,hand,204.53382838283827,118.1782178217822,30.467821782178248,22.158415841584144,235.0016501650165,140.33663366336634,490.09561324325546,5,False,None
IMG0000763.jpg,48,57,E:/FracAtlas/images/Fractured/IMG0000763.jpg,454,373,hand,304.24669966996703,126.1798679867987,28.313531353135318,31.39108910891089,332.56023102310235,157.5709570957096,528.8334827604031,6,False,None
IMG0000776.jpg,49,58,E:/FracAtlas/images/Fractured/IMG0000776.jpg,373,454,leg,167.84757600657355,79.45932621199671,47.75020542317171,90.27773212818406,215.59778142974525,169.73705834018077,2739.95341670892,5,False,None
IMG0000777.jpg,50,59,E:/FracAtlas/images/Fractured/IMG0000777.jpg,373,454,leg,231.26581758422347,37.67789646672145,48.86935086277734,60.43385373870173,280.1351684470008,98.11175020542318,1511.1945629195825,4,False,None
IMG0000801.jpg,51,60,E:/FracAtlas/images/Fractured/IMG0000801.jpg,454,373,hand,210.996699669967,108.94554455445545,33.237623762376245,27.082508250825086,244.23432343234325,136.02805280528054,648.3620679209016,7,False,None
IMG0000804.jpg,52,61,E:/FracAtlas/images/Fractured/IMG0000804.jpg,454,373,hand,180.10682004930155,141.59901396877567,30.649137222678718,21.76088742810191,210.75595727198026,163.35990139687758,491.3842442959203,5,False,None
IMG0000805.jpg,53,62,E:/FracAtlas/images/Fractured/IMG0000805.jpg,454,373,hand,205.85209531635167,135.77567789646673,21.76088742810188,19.30895645028758,227.61298274445355,155.0846343467543,286.08501548522736,5,False,None
IMG0000822.jpg,54,63,E:/FracAtlas/images/Fractured/IMG0000822.jpg,373,454,hand,267.0784716516023,244.3467543138866,41.40838126540672,39.17009038619557,308.486852917009,283.5168447000822,1092.3769888237653,6,False,None
IMG0000844.jpg,55,64,E:/FracAtlas/images/Fractured/IMG0000844.jpg,373,454,hand,144.54620462046205,248.72607260726076,40.83003300330034,24.348184818481826,185.3762376237624,273.0742574257426,658.1510922131811,7,False,None
IMG0000845.jpg,56,65,E:/FracAtlas/images/Fractured/IMG0000845.jpg,373,454,hand,135.93069306930693,231.8696369636964,32.21452145214522,30.716171617161706,168.14521452145215,262.5858085808581,684.2498243636242,7,False,None
IMG0000851.jpg,57,66,E:/FracAtlas/images/Fractured/IMG0000851.jpg,454,373,hand,203.40016433853737,95.6253081347576,29.423171733771568,19.92193919474117,232.82333607230893,115.54724732949877,483.9632243572132,5,False,None
IMG0000851.jpg,57,67,E:/FracAtlas/images/Fractured/IMG0000851.jpg,454,373,hand,245.70498474059002,211.90183112919635,10.160732451678541,17.088504577822988,255.86571719226856,228.99033570701934,90.01546328272411,4,False,None
IMG0000852.jpg,58,68,E:/FracAtlas/images/Fractured/IMG0000852.jpg,454,373,hand,225.16105176663928,139.45357436318818,24.51930977814297,20.53492193919473,249.68036154478224,159.9884963023829,291.39245379582167,6,False,None
IMG0001007.jpg,59,69,E:/FracAtlas/images/Fractured/IMG0001007.jpg,454,373,hand,228.23102310231022,83.40181518151816,36.62293729372939,28.929042904290426,264.8539603960396,112.33085808580859,763.91268115054,8,False,None
IMG0001008.jpg,60,70,E:/FracAtlas/images/Fractured/IMG0001008.jpg,454,373,hand,194.51191454396056,127.50041084634347,26.66474938373048,21.454396055875094,221.17666392769104,148.95480690221856,385.9400052934029,5,False,None
IMG0001025.jpg,61,71,E:/FracAtlas/images/Fractured/IMG0001025.jpg,373,454,hand,146.7937293729373,172.6848184818482,38.95709570957095,31.83993399339934,185.75082508250824,204.52475247524754,840.3511120914075,8,False,None
IMG0001026.jpg,62,72,E:/FracAtlas/images/Fractured/IMG0001026.jpg,373,454,hand,177.88448844884488,220.25742574257427,33.338283828382856,26.595709570957098,211.22277227722773,246.85313531353137,659.5542498556786,8,False,None
IMG0001041.jpg,63,73,E:/FracAtlas/images/Fractured/IMG0001041.jpg,454,373,hand,294.70627062706274,200.6567656765677,20.311881188118775,19.38861386138612,315.0181518151815,220.0453795379538,237.44703882516978,6,False,None
IMG0001073.jpg,64,74,E:/FracAtlas/images/Fractured/IMG0001073.jpg,373,454,hand,98.84653465346534,197.7821782178218,34.462046204620464,20.976897689768975,133.3085808580858,218.75907590759078,524.2898531189752,6,False,None
IMG0001073.jpg,64,75,E:/FracAtlas/images/Fractured/IMG0001073.jpg,373,454,hand,290.26072607260727,198.90594059405942,29.96699669966995,22.84983498349837,320.2277227722772,221.75577557755778,519.0981698417363,6,False,None
IMG0001123.jpg,65,76,E:/FracAtlas/images/Fractured/IMG0001123.jpg,373,454,hand,67.75577557755774,84.65676567656766,42.70297029702971,29.5924092409241,110.45874587458745,114.24917491749176,957.234143711401,6,False,None
IMG0001123.jpg,65,77,E:/FracAtlas/images/Fractured/IMG0001123.jpg,373,454,hand,47.902640264026395,94.02145214521452,25.846534653465348,26.221122112211233,73.74917491749174,120.24257425742576,445.221919964274,5,False,None
IMG0001147.jpg,66,78,E:/FracAtlas/images/Fractured/IMG0001147.jpg,373,454,hand,176.05464256368117,150.7115858668858,35.43960558751024,23.12900575184881,211.4942481511914,173.8405916187346,589.0861575502886,6,False,None
IMG0001148.jpg,67,79,E:/FracAtlas/images/Fractured/IMG0001148.jpg,373,454,hand,148.44905505341,187.6433853738702,30.216926869350885,28.72473294987674,178.6659819227609,216.36811832374693,513.2411408092298,6,False,None
IMG0001151.jpg,68,80,E:/FracAtlas/images/Fractured/IMG0001151.jpg,454,373,hand,219.03122432210353,119.83812654067378,34.32703368940017,19.002465078060823,253.3582580115037,138.8405916187346,556.7643693255447,5,False,None
IMG0001152.jpg,69,81,E:/FracAtlas/images/Fractured/IMG0001152.jpg,373,454,hand,162.62489728841413,147.35414954806902,23.12900575184881,24.24815119145441,185.75390304026294,171.60230073952343,420.6267212841369,7,False,None
IMG0001191.jpg,70,82,E:/FracAtlas/images/Fractured/IMG0001191.jpg,373,454,leg,122.7087099424815,362.60312243221034,31.33607230895646,35.066557107641756,154.04478225143797,397.6696795398521,580.1795867770272,4,False,None
IMG0001192.jpg,71,83,E:/FracAtlas/images/Fractured/IMG0001192.jpg,373,454,leg,90.25349219391947,289.48562037797865,32.455217748562035,40.28923582580114,122.7087099424815,329.7748562037798,607.8734552751387,4,False,None
IMG0001198.jpg,72,84,E:/FracAtlas/images/Fractured/IMG0001198.jpg,454,373,hand,263.00742574257424,116.02392739273928,39.08498349834986,22.77392739273928,302.0924092409241,138.79785478547856,603.7993109335684,6,False,None
IMG0001199.jpg,73,85,E:/FracAtlas/images/Fractured/IMG0001199.jpg,373,454,hand,186.12695152013146,129.0747740345111,33.94741166803615,32.82826622843055,220.0743631881676,161.90304026294166,709.9511062468221,6,False,None
IMG0001200.jpg,74,86,E:/FracAtlas/images/Fractured/IMG0001200.jpg,373,454,hand,182.7695152013147,207.78800328677076,21.63681183237466,11.564502875924404,204.40632703368937,219.35250616269516,119.96037510237363,4,False,None
IMG0001236.jpg,75,87,E:/FracAtlas/images/Fractured/IMG0001236.jpg,373,454,hand,62.647904683648306,213.3837304847987,29.097781429745268,21.263763352506174,91.74568611339357,234.64749383730486,349.7220680188697,6,False,None
IMG0001236.jpg,75,88,E:/FracAtlas/images/Fractured/IMG0001236.jpg,373,454,hand,258.8714050944946,232.7822514379622,32.45521774856206,23.12900575184881,291.32662284305667,255.911257189811,520.4777295625058,7,False,None
IMG0001350.jpg,76,89,E:/FracAtlas/images/Fractured/IMG0001350.jpg,373,454,leg,105.96369636963696,215.01320132013203,18.729372937293732,32.21452145214522,124.6930693069307,247.22772277227725,538.3915874260699,5,False,None
IMG0001351.jpg,77,90,E:/FracAtlas/images/Fractured/IMG0001351.jpg,373,454,leg,152.03795379537954,228.49834983498351,20.227722772277218,29.96699669966995,172.26567656765675,258.46534653465346,456.7979705148723,6,False,None
IMG0001360.jpg,78,91,E:/FracAtlas/images/Fractured/IMG0001360.jpg,373,454,hand,175.26237623762376,133.35313531353137,38.95709570957098,30.716171617161706,214.21947194719473,164.06930693069307,904.4052584713909,5,False,None
IMG0001361.jpg,79,92,E:/FracAtlas/images/Fractured/IMG0001361.jpg,454,373,hand,276.85643564356434,143.7219471947195,53.857260726072695,46.47112211221122,330.71369636963703,190.1930693069307,1812.3924257834215,7,False,None
IMG0001362.jpg,80,93,E:/FracAtlas/images/Fractured/IMG0001362.jpg,373,454,hand,204.10561056105612,128.10891089108912,42.70297029702971,52.81683168316832,246.80858085808583,180.92574257425744,1375.5154369397337,8,False,None
IMG0001363.jpg,81,94,E:/FracAtlas/images/Fractured/IMG0001363.jpg,373,454,hand,252.8019801980198,80.91089108910892,46.44884488448844,42.70297029702971,299.25082508250824,123.61386138613862,1354.3277565380304,8,False,None
IMG0001364.jpg,82,95,E:/FracAtlas/images/Fractured/IMG0001364.jpg,373,454,hand,210.0990099009901,97.76732673267328,52.06765676567659,56.56270627062706,262.1666666666667,154.33003300330034,1443.2879510723337,10,False,None
IMG0001365.jpg,83,96,E:/FracAtlas/images/Fractured/IMG0001365.jpg,373,454,hand,188.74752475247524,91.3993399339934,55.06435643564359,58.81023102310233,243.81188118811883,150.20957095709574,1667.1617529327218,9,False,None
IMG0001366.jpg,84,97,E:/FracAtlas/images/Fractured/IMG0001366.jpg,373,454,hand,124.31848184818482,128.483498349835,58.061056105610575,56.937293729372925,182.3795379537954,185.42079207920793,1696.1369582502819,9,False,None
IMG0001367.jpg,85,98,E:/FracAtlas/images/Fractured/IMG0001367.jpg,454,373,hand,306.70874587458746,155.41666666666669,58.473597359736004,50.77970297029702,365.18234323432347,206.1963696369637,1953.7524997549267,9,False,None
IMG0001380.jpg,86,99,E:/FracAtlas/images/Fractured/IMG0001380.jpg,373,454,hand,179.78512736236647,235.39359079704192,38.050944946589965,26.48644207066556,217.83607230895643,261.8800328677075,639.8118614073824,6,False,None
IMG0001381.jpg,87,100,E:/FracAtlas/images/Fractured/IMG0001381.jpg,373,454,hand,169.33976992604764,209.28019720624488,30.589975349219372,26.113393590797045,199.929745275267,235.39359079704192,461.2629504371437,7,False,None
IMG0001382.jpg,88,101,E:/FracAtlas/images/Fractured/IMG0001382.jpg,373,454,hand,143.97247329498768,194.3582580115037,40.28923582580114,23.502054231717352,184.26170912078882,217.86031224322105,617.9629299792241,6,False,None
IMG0001391.jpg,89,102,E:/FracAtlas/images/Fractured/IMG0001391.jpg,373,454,hand,136.13845521774854,131.31306491372226,45.51191454396056,29.097781429745282,181.6503697617091,160.41084634346754,837.7743133599674,5,False,None
IMG0001392.jpg,90,103,E:/FracAtlas/images/Fractured/IMG0001392.jpg,454,373,hand,97.96713229252258,123.51602300739523,33.71405094494661,21.147904683648306,131.68118323746918,144.66392769104354,487.7207028071916,6,False,None
IMG0001410.jpg,91,104,E:/FracAtlas/images/Fractured/IMG0001410.jpg,373,454,hand,127.31518151815182,200.7788778877888,29.966996699669963,32.58910891089107,157.28217821782178,233.36798679867988,661.4485126730494,6,False,None
IMG0001410.jpg,91,105,E:/FracAtlas/images/Fractured/IMG0001410.jpg,373,454,hand,147.54290429042905,173.43399339933995,45.32508250825083,24.722772277227733,192.86798679867988,198.1567656765677,847.9983212430159,7,False,None
IMG0001411.jpg,92,106,E:/FracAtlas/images/Fractured/IMG0001411.jpg,373,454,hand,172.26567656765675,140.84488448844886,34.83663366336634,33.338283828382856,207.1023102310231,174.1831683168317,680.250825082509,9,False,None
IMG0001428.jpg,93,107,E:/FracAtlas/images/Fractured/IMG0001428.jpg,373,454,hand,109.7095709570957,128.85808580858088,25.84653465346534,19.47854785478546,135.55610561056105,148.33663366336634,342.3003068871244,5,False,None
IMG0001428.jpg,93,108,E:/FracAtlas/images/Fractured/IMG0001428.jpg,373,454,hand,114.95379537953795,149.46039603960398,38.20792079207922,31.83993399339934,153.16171617161717,181.30033003300332,705.4375047653284,6,False,None
IMG0001440.jpg,94,109,E:/FracAtlas/images/Fractured/IMG0001440.jpg,373,454,hand,142.48027937551356,201.8192276088743,28.72473294987674,19.025472473294997,171.2050123253903,220.84470008216928,417.07800949166426,4,False,None
IMG0001441.jpg,95,110,E:/FracAtlas/images/Fractured/IMG0001441.jpg,373,454,hand,149.5682004930156,211.1454396055875,30.963023829087916,26.113393590797045,180.53122432210353,237.25883319638456,516.163609344206,6,False,None
IMG0001494.jpg,96,111,E:/FracAtlas/images/Fractured/IMG0001494.jpg,373,454,hand,161.50575184880853,165.63352506162695,47.004108463434676,35.43960558751027,208.5098603122432,201.07313064913723,1093.072814665425,6,False,None
IMG0001495.jpg,97,112,E:/FracAtlas/images/Fractured/IMG0001495.jpg,373,454,hand,190.6035332785538,166.379622021364,25.7403451109285,26.48644207066556,216.3438783894823,192.86606409202957,410.05016849088815,5,False,None
IMG0001546.jpg,98,113,E:/FracAtlas/images/Fractured/IMG0001546.jpg,454,373,hand,259.7945768282662,76.31635168447,11.646672144617924,16.24404272801972,271.4412489728841,92.56039441248973,146.07197474290817,6,False,None
IMG0001570.jpg,99,114,E:/FracAtlas/images/Fractured/IMG0001570.jpg,373,454,hand,223.58284714119023,213.4912485414236,26.48774795799298,36.02333722287048,250.0705950991832,249.51458576429408,518.0620247287425,5,False,None
IMG0001571.jpg,100,115,E:/FracAtlas/images/Fractured/IMG0001571.jpg,373,454,hand,215.10676779463245,177.46791131855312,21.190198366394412,38.14235705950992,236.29696616102686,215.61026837806304,432.18608780187606,4,False,None
IMG0001572.jpg,101,116,E:/FracAtlas/images/Fractured/IMG0001572.jpg,373,454,hand,210.33897316219372,178.52742123687284,25.42823803967326,32.31505250875145,235.76721120186698,210.8424737456243,424.32815893275074,4,False,None
IMG0001577.jpg,102,117,E:/FracAtlas/images/Fractured/IMG0001577.jpg,373,454,leg,209.34983498349837,125.486798679868,28.094059405940584,28.094059405940584,237.44389438943895,153.5808580858086,593.6058406583224,5,False,None
IMG0001578.jpg,103,118,E:/FracAtlas/images/Fractured/IMG0001578.jpg,373,454,leg,235.5709570957096,191.7887788778878,32.21452145214519,34.462046204620464,267.7854785478548,226.25082508250827,699.2636111383422,6,False,None
IMG0001639.jpg,104,119,E:/FracAtlas/images/Fractured/IMG0001639.jpg,373,454,hand,168.59367296631058,200.7000821692687,26.113393590797045,16.414133114215275,194.70706655710762,217.114215283484,352.0878758805171,4,False,None
IMG0001640.jpg,105,120,E:/FracAtlas/images/Fractured/IMG0001640.jpg,373,454,hand,171.95110928512736,171.60230073952343,30.963023829087888,45.138866064092014,202.91413311421525,216.74116680361544,860.2494880456184,7,False,None
IMG0001710.jpg,106,121,E:/FracAtlas/images/Fractured/IMG0001710.jpg,373,454,hand,119.35127362366474,145.11585866885784,35.8126540673788,31.33607230895646,155.16392769104354,176.4519309778143,765.0605129063815,5,False,None
IMG0001730.jpg,107,122,E:/FracAtlas/images/Fractured/IMG0001730.jpg,373,454,hand,76.07764995891536,238.75102711585868,15.668036154478216,18.652423993426453,91.74568611339357,257.40345110928513,166.92861941449826,5,False,None
IMG0001730.jpg,107,123,E:/FracAtlas/images/Fractured/IMG0001730.jpg,373,454,hand,88.38824979457682,247.7041906327034,12.683648315529993,16.04108463434676,101.07189811010682,263.74527526705015,116.82915881489907,4,False,None
IMG0001731.jpg,108,124,E:/FracAtlas/images/Fractured/IMG0001731.jpg,373,454,hand,64.51314708299095,218.97945768282662,12.683648315529993,15.2949876746097,77.19679539852095,234.27444535743632,147.93257393715044,5,False,None
IMG0001731.jpg,108,125,E:/FracAtlas/images/Fractured/IMG0001731.jpg,373,454,hand,52.202547247329484,225.69433032046015,10.818405916187352,12.683648315530007,63.020953163516836,238.37797863599016,93.93648862424888,4,False,None
IMG0001738.jpg,109,126,E:/FracAtlas/images/Fractured/IMG0001738.jpg,373,454,hand,113.38249794576828,122.35990139687758,16.414133114215275,26.48644207066556,129.79663105998355,148.84634346754314,347.8433382463847,4,False,None
IMG0001739.jpg,110,127,E:/FracAtlas/images/Fractured/IMG0001739.jpg,373,454,hand,166.35538208709943,139.1470829909614,16.78718159408379,24.994248151191442,183.14256368118322,164.14133114215284,371.2230865261972,4,False,None
IMG0001760.jpg,111,128,E:/FracAtlas/images/Fractured/IMG0001760.jpg,373,454,hand,136.3052805280528,181.30033003300332,35.21122112211222,43.452145214521465,171.51650165016503,224.75247524752479,813.4806432375913,7,False,None
IMG0001760.jpg,111,129,E:/FracAtlas/images/Fractured/IMG0001760.jpg,373,454,hand,140.05115511551156,223.62871287128715,39.70627062706271,32.96369636963695,179.75742574257427,256.5924092409241,1039.5994973259703,7,False,None
IMG0001762.jpg,112,130,E:/FracAtlas/images/Fractured/IMG0001762.jpg,373,454,hand,145.46466721446177,168.9909613804437,11.191454396055889,21.63681183237472,156.65612161051766,190.62777321281843,226.70005921318773,5,False,None
IMG0001763.jpg,113,131,E:/FracAtlas/images/Fractured/IMG0001763.jpg,373,454,hand,229.77362366474935,261.50698438783894,20.89071487263763,24.24815119145444,250.66433853738698,285.7551355792934,263.3004984845611,4,False,None
IMG0001774.jpg,114,132,E:/FracAtlas/images/Fractured/IMG0001774.jpg,373,454,leg,254.39482333607228,207.41495480690222,44.76581758422353,95.12736236647496,299.1606409202958,302.54231717337717,1456.224321428348,4,False,None
IMG0001780.jpg,115,133,E:/FracAtlas/images/Fractured/IMG0001780.jpg,454,373,hand,241.0986031224322,243.6606409202958,17.776499589153644,27.89071487263766,258.87510271158584,271.55135579293346,223.33512537058868,5,False,None
IMG0001780.jpg,115,134,E:/FracAtlas/images/Fractured/IMG0001780.jpg,454,373,hand,257.9556285949055,232.3204601479047,16.244042728019735,22.373870172555456,274.1996713229252,254.69433032046015,170.35467922589396,4,False,None
IMG0001781.jpg,116,135,E:/FracAtlas/images/Fractured/IMG0001781.jpg,373,454,hand,127.55834018077238,287.99342645850453,10.44535743631883,22.755957271980265,138.0036976170912,310.7493837304848,215.21893282577867,5,False,None
IMG0001805.jpg,117,136,E:/FracAtlas/images/Fractured/IMG0001805.jpg,373,454,hand,170.0858668857847,163.76828266228432,11.191454396055889,14.921939194741157,181.27732128184059,178.69022185702548,92.9623324459235,4,False,None
IMG0001867.jpg,118,137,E:/FracAtlas/images/Fractured/IMG0001867.jpg,373,454,leg,157.77526705012323,217.4872637633525,45.138866064092014,96.61955628594907,202.91413311421525,314.1068200493016,1822.4374618945876,4,False,None
IMG0001867.jpg,118,138,E:/FracAtlas/images/Fractured/IMG0001867.jpg,373,454,leg,194.33401807723908,271.5792933442892,13.056696795398523,43.27362366474938,207.3907148726376,314.8529170090386,320.0798871641088,4,False,None
IMG0001868.jpg,119,139,E:/FracAtlas/images/Fractured/IMG0001868.jpg,373,454,leg,199.5566967953985,243.22760887428103,20.14461791290057,40.66228430566969,219.70131470829907,283.8898931799507,422.9229465616181,4,False,None
IMG0001869.jpg,120,140,E:/FracAtlas/images/Fractured/IMG0001869.jpg,373,454,leg,167.1014790468365,197.34264585045193,34.32046014790464,101.46918652423992,201.42193919474113,298.81183237469185,2609.0685758924674,5,False,None
IMG0001869.jpg,120,141,E:/FracAtlas/images/Fractured/IMG0001869.jpg,373,454,leg,212.61339359079702,269.7140509449466,7.834018077239108,48.86935086277731,220.44741166803612,318.58340180772393,312.77371582666683,4,False,None
IMG0001870.jpg,121,142,E:/FracAtlas/images/Fractured/IMG0001870.jpg,373,454,leg,218.5821692686935,206.66885784716516,20.14461791290057,58.941659819227596,238.72678718159406,265.61051766639275,755.7364466281228,6,False,None
IMG0001916.jpg,122,143,E:/FracAtlas/images/Fractured/IMG0001916.jpg,373,454,leg,131.81023102310232,259.5891089108911,42.70297029702971,21.726072607260733,174.51320132013203,281.31518151815186,627.2816240782508,5,False,None
IMG0001933.jpg,123,144,E:/FracAtlas/images/Fractured/IMG0001933.jpg,373,454,hand,183.88866064092028,181.67460969597371,27.23253903040262,20.14461791290057,211.1211996713229,201.8192276088743,481.2331520928183,4,False,None
IMG0001934.jpg,124,145,E:/FracAtlas/images/Fractured/IMG0001934.jpg,373,454,hand,173.81635168447,166.379622021364,28.72473294987674,32.08216926869352,202.54108463434673,198.46179129005753,596.8794069768933,7,False,None
IMG0001938.jpg,125,146,E:/FracAtlas/images/Fractured/IMG0001938.jpg,373,454,hand,190.2304847986853,200.7000821692687,33.947411668036125,27.23253903040262,224.17789646672142,227.93262119967133,499.533371728505,8,False,None
IMG0001939.jpg,126,147,E:/FracAtlas/images/Fractured/IMG0001939.jpg,373,454,hand,137.25760065735415,197.34264585045193,20.14461791290057,22.38290879211175,157.40221857025472,219.72555464256368,320.98446075826655,6,False,None
IMG0001948.jpg,127,148,E:/FracAtlas/images/Fractured/IMG0001948.jpg,454,373,hand,150.3771569433032,70.79950698438783,25.132292522596543,28.197206244864432,175.50944946589973,98.99671322925226,375.4660341140875,5,False,None
IMG0001964.jpg,128,149,E:/FracAtlas/images/Fractured/IMG0001964.jpg,373,454,hand,182.3795379537954,83.15841584158417,57.311881188118804,44.201320132013194,239.6914191419142,127.35973597359737,1567.7480339618128,7,False,None
IMG0001965.jpg,129,150,E:/FracAtlas/images/Fractured/IMG0001965.jpg,373,454,hand,193.24257425742576,86.52970297029704,47.57260726072607,37.084158415841586,240.81518151815183,123.61386138613862,1187.5624707272707,5,False,None
IMG0001970.jpg,130,151,E:/FracAtlas/images/Fractured/IMG0001970.jpg,373,454,hand,205.89852095316348,165.63352506162695,7.4609695973705925,49.98849630238291,213.35949055053408,215.62202136400987,331.4914309673477,4,False,None
IMG0001971.jpg,131,152,E:/FracAtlas/images/Fractured/IMG0001971.jpg,373,454,hand,184.63475760065734,104.8266228430567,27.605587510271135,110.79539852095317,212.24034511092847,215.62202136400987,1481.7611298173147,13,False,None
IMG0001980.jpg,132,153,E:/FracAtlas/images/Fractured/IMG0001980.jpg,373,454,leg,150.68734593262118,205.9227608874281,27.23253903040265,30.216926869350885,177.91988496302383,236.13968775677898,620.6070681775377,8,False,None
IMG0001981.jpg,133,154,E:/FracAtlas/images/Fractured/IMG0001981.jpg,373,454,leg,135.01930977814297,209.6532456861134,29.470829909613798,32.08216926869352,164.49013968775677,241.7354149548069,512.2669846309034,9,False,None
IMG0002020.jpg,134,155,E:/FracAtlas/images/Fractured/IMG0002020.jpg,373,454,hand,152.1795398520953,176.82497945768284,31.709120788824976,22.755957271980265,183.88866064092028,199.5809367296631,567.5155564587949,6,False,None
IMG0002021.jpg,135,156,E:/FracAtlas/images/Fractured/IMG0002021.jpg,373,454,hand,141.36113393590796,182.7937551355793,26.113393590797045,22.009860312243234,167.474527526705,204.80361544782252,422.7837813932867,8,False,None
IMG0002036.jpg,136,157,E:/FracAtlas/images/Fractured/IMG0002036.jpg,373,454,leg,180.53122432210353,70.50616269515201,35.43960558751024,100.35004108463436,215.97082990961377,170.85620377978637,1982.199075139979,7,False,None
IMG0002036.jpg,136,158,E:/FracAtlas/images/Fractured/IMG0002036.jpg,373,454,leg,215.59778142974525,122.35990139687758,8.580115036976167,62.299096138044376,224.17789646672142,184.65899753492195,421.74004263079405,5,False,None
IMG0002037.jpg,137,159,E:/FracAtlas/images/Fractured/IMG0002037.jpg,373,454,leg,158.42298716452743,172.70011668611437,15.892648774795816,50.326721120186704,174.31563593932324,223.02683780630107,485.50774798522525,4,False,None
IMG0002037.jpg,137,160,E:/FracAtlas/images/Fractured/IMG0002037.jpg,373,454,leg,132.4649941656943,196.00933488914822,10.065344224037347,52.97549591598599,142.53033838973164,248.9848308051342,252.85692539577303,4,False,None
IMG0002085.jpg,138,161,E:/FracAtlas/images/Fractured/IMG0002085.jpg,373,454,hand,156.83372228704786,221.96732788798136,11.654609101516911,23.30921820303385,168.48833138856477,245.2765460910152,227.458976729494,4,False,None
IMG0002086.jpg,139,162,E:/FracAtlas/images/Fractured/IMG0002086.jpg,373,454,hand,246.3623103850642,242.6277712952159,10.065344224037318,28.606767794632447,256.4276546091015,271.23453908984834,228.16057752137976,4,False,None
IMG0002086.jpg,139,163,E:/FracAtlas/images/Fractured/IMG0002086.jpg,373,454,hand,231.4649033570702,249.38758901322484,12.142421159715155,17.834181078331596,243.60732451678535,267.22177009155644,197.76038172844727,4,False,None
IMG0002105.jpg,140,164,E:/FracAtlas/images/Fractured/IMG0002105.jpg,373,454,hand,180.506600660066,146.0891089108911,39.33168316831686,32.96369636963698,219.83828382838286,179.05280528052808,869.8174225838436,8,False,None
IMG0002106.jpg,141,165,E:/FracAtlas/images/Fractured/IMG0002106.jpg,454,373,hand,200.84075907590758,97.25082508250826,39.08498349834983,31.08333333333333,239.9257425742574,128.33415841584159,873.1174820142912,8,False,None
IMG0002122.jpg,142,166,E:/FracAtlas/images/Fractured/IMG0002122.jpg,373,454,leg,220.58745874587459,262.5858085808581,24.348184818481855,45.32508250825083,244.93564356435644,307.91089108910893,475.60028292433344,7,False,None
IMG0002123.jpg,143,167,E:/FracAtlas/images/Fractured/IMG0002123.jpg,373,454,leg,230.32673267326734,214.2640264026403,30.716171617161734,23.599009900990097,261.0429042904291,237.8630363036304,305.5375766537054,5,False,None
IMG0002126.jpg,144,168,E:/FracAtlas/images/Fractured/IMG0002126.jpg,373,454,hand,171.8910891089109,150.20957095709574,39.33168316831683,22.47524752475246,211.22277227722773,172.6848184818482,487.59728076768056,8,False,None
IMG0002127.jpg,145,169,E:/FracAtlas/images/Fractured/IMG0002127.jpg,373,454,hand,196.9884488448845,117.9950495049505,41.95379537953795,35.585808580858085,238.94224422442244,153.5808580858086,770.2633878486849,10,False,None
IMG0002148.jpg,146,170,E:/FracAtlas/images/Fractured/IMG0002148.jpg,373,454,hand,137.23278879813304,114.42707117852977,16.42240373395566,30.196032672112025,153.6551925320887,144.6231038506418,392.33516282274275,4,False,None
IMG0002180.jpg,147,171,E:/FracAtlas/images/Fractured/IMG0002180.jpg,373,454,hip,22.805280528052794,189.91584158415844,68.17491749174918,78.66336633663366,90.98019801980197,268.5792079207921,3112.3439668224255,11,False,None
IMG0002181.jpg,148,172,E:/FracAtlas/images/Fractured/IMG0002181.jpg,373,454,hand,86.37631271878647,230.97316219369898,18.5414235705951,25.42823803967329,104.91773628938157,256.40140023337227,349.39719435930897,6,False,None
IMG0002181.jpg,148,173,E:/FracAtlas/images/Fractured/IMG0002181.jpg,373,454,hand,249.0110851808635,217.1995332555426,22.24970828471416,28.0770128354726,271.26079346557765,245.2765460910152,404.9639770766944,6,False,None
IMG0002208.jpg,149,174,E:/FracAtlas/images/Fractured/IMG0002208.jpg,373,454,hand,64.38448844884488,230.74587458745876,34.462046204620464,22.47524752475249,98.84653465346534,253.22112211221125,480.09038738032257,7,False,None
IMG0002208.jpg,149,175,E:/FracAtlas/images/Fractured/IMG0002208.jpg,373,454,hand,268.90924092409244,226.25082508250827,39.33168316831683,22.10066006600661,308.2409240924093,248.35148514851488,622.0197829188859,7,False,None
IMG0002225.jpg,150,176,E:/FracAtlas/images/Fractured/IMG0002225.jpg,373,454,hand,285.5641773628939,191.24154025670947,28.606767794632447,20.66044340723454,314.1709451575263,211.901983663944,373.95322207532445,4,False,None
IMG0002225.jpg,150,177,E:/FracAtlas/images/Fractured/IMG0002225.jpg,373,454,hand,85.31680280046675,220.90781796966164,24.89848308051343,25.42823803967329,110.21528588098018,246.33605600933492,436.2553723948156,7,False,None
IMG0002265.jpg,151,178,E:/FracAtlas/images/Fractured/IMG0002265.jpg,454,373,hand,55.88778877887787,186.8077557755776,21.850660066006604,25.543729372937293,77.73844884488447,212.35148514851488,364.4579997603721,7,False,None
IMG0002265.jpg,151,179,E:/FracAtlas/images/Fractured/IMG0002265.jpg,454,373,hand,296.2450495049505,180.65264026402642,19.388613861386204,26.159240924092416,315.6336633663367,206.81188118811883,361.8060184731346,6,False,None
IMG0002272.jpg,152,180,E:/FracAtlas/images/Fractured/IMG0002272.jpg,373,454,hand,251.13010501750293,171.64060676779465,16.952158693115535,23.838973162193696,268.08226371061846,195.47957992998835,258.4697317308628,6,False,None
IMG0002272.jpg,152,181,E:/FracAtlas/images/Fractured/IMG0002272.jpg,373,454,hand,128.75670945157526,176.4084014002334,18.011668611435255,18.5414235705951,146.76837806301052,194.9498249708285,230.6863403721709,5,False,None
IMG0002274.jpg,153,182,E:/FracAtlas/images/Fractured/IMG0002274.jpg,373,454,hand,272.3203033838974,196.53908984830807,36.5530921820303,27.547257876312727,308.8733955659277,224.0863477246208,685.4639736727804,6,False,None
IMG0002274.jpg,153,183,E:/FracAtlas/images/Fractured/IMG0002274.jpg,373,454,hand,73.66219369894982,144.6231038506418,35.493582263710636,35.49358226371061,109.15577596266046,180.1166861143524,703.5652741034439,7,False,None
IMG0002287.jpg,154,184,E:/FracAtlas/images/Fractured/IMG0002287.jpg,373,454,hand,80.11716171617161,197.40759075907593,28.468646864686477,25.471947194719462,108.58580858085809,222.8795379537954,438.69723692666344,8,False,None
IMG0002287.jpg,154,185,E:/FracAtlas/images/Fractured/IMG0002287.jpg,373,454,hand,283.14356435643566,198.90594059405942,34.462046204620435,26.22112211221122,317.6056105610561,225.12706270627064,589.3262098487075,6,False,None
IMG0002298.jpg,155,186,E:/FracAtlas/images/Fractured/IMG0002298.jpg,1760,2140,hand,1296.746096959737,641.8241577649959,133.6400986031224,98.47165160230077,1430.3861955628595,740.2958093672967,9517.327317939715,7,False,None
IMG0002298.jpg,155,187,E:/FracAtlas/images/Fractured/IMG0002298.jpg,1760,2140,hand,329.6138044371405,782.4979457682826,112.53903040262941,93.1963845521775,442.1528348397699,875.6943303204602,6160.907953539589,6,False,None
IMG0002299.jpg,156,188,E:/FracAtlas/images/Fractured/IMG0002299.jpg,1760,2140,hand,484.35497124075596,740.2958093672967,110.78060805258838,98.47165160230077,595.1355792933443,838.7674609695974,7587.888641398335,7,False,None
IMG0002299.jpg,156,189,E:/FracAtlas/images/Fractured/IMG0002299.jpg,1760,2140,hand,1289.7124075595727,775.4642563681184,126.60640920295805,158.25801150369762,1416.3188167625308,933.722267871816,12584.640085774714,7,False,None
IMG0002300.jpg,157,190,E:/FracAtlas/images/Fractured/IMG0002300.jpg,1760,2140,hand,482.59654889071487,766.672144617913,68.57847165160229,79.12900575184881,551.1750205423172,845.8011503697618,3362.603462722356,5,False,None
IMG0002300.jpg,157,191,E:/FracAtlas/images/Fractured/IMG0002300.jpg,1760,2140,hand,1293.229252259655,770.1889893179952,109.02218570254718,161.7748562037798,1402.251437962202,931.9638455217749,10429.481820471323,7,False,None
IMG0002301.jpg,158,192,E:/FracAtlas/images/Fractured/IMG0002301.jpg,1760,2140,leg,387.6417419884963,854.5932621199672,49.23582580115038,89.67953985209522,436.87756778964666,944.2728019720624,2860.1454740397103,4,False,None
IMG0002301.jpg,158,193,E:/FracAtlas/images/Fractured/IMG0002301.jpg,1760,2140,leg,1423.3525061626951,817.6663927691044,98.47165160230088,145.94905505341,1521.824157764996,963.6154478225144,11409.661404547558,6,False,None
IMG0002302.jpg,159,194,E:/FracAtlas/images/Fractured/IMG0002302.jpg,2304,2880,shoulder,1469.1076417419886,1055.4478225143798,267.4116680361544,324.2070665571075,1736.519309778143,1379.6548890714873,35351.28543929497,7,False,None
IMG0002303.jpg,160,195,E:/FracAtlas/images/Fractured/IMG0002303.jpg,2304,2880,shoulder,1071.5398520953163,825.899753492194,231.91454396055883,186.95152013147083,1303.4543960558751,1012.8512736236648,25900.94180700819,7,False,None
IMG0002304.jpg,161,196,E:/FracAtlas/images/Fractured/IMG0002304.jpg,2304,2880,shoulder,1232.4601479046837,1143.0073952341825,210.61626951520134,307.6417419884965,1443.076417419885,1450.649137222679,29753.88190716433,7,False,None
IMG0002305.jpg,162,197,E:/FracAtlas/images/Fractured/IMG0002305.jpg,2304,2880,shoulder,995.8126540673788,792.7691043549713,283.9769926047659,215.34921939194749,1279.7896466721447,1008.1183237469188,30129.095550638805,10,False,None
IMG0002306.jpg,163,198,E:/FracAtlas/images/Fractured/IMG0002306.jpg,2304,2880,shoulder,1163.8323746918652,1124.075595727198,269.77814297452755,288.7099424815119,1433.6105176663928,1412.78553820871,34864.06772314162,9,False,None
IMG0002307.jpg,164,199,E:/FracAtlas/images/Fractured/IMG0002307.jpg,2304,2880,leg,787.5628594905505,1143.0073952341825,125.4231717337716,132.52259654889076,912.9860312243221,1275.5299917830732,11292.810627855604,5,False,None
IMG0002308.jpg,165,200,E:/FracAtlas/images/Fractured/IMG0002308.jpg,2304,2880,leg,1239.5595727198029,1012.8512736236648,239.013968775678,227.1815940838128,1478.5735414954809,1240.0328677074776,22342.012397634477,9,False,None
IMG0002309.jpg,166,201,E:/FracAtlas/images/Fractured/IMG0002309.jpg,2304,2880,hand,1144.9005751848808,1935.776499589154,243.74691865242403,215.34921939194737,1388.6474938373049,2151.1257189811013,31937.961324403906,9,False,None
IMG0002310.jpg,167,202,E:/FracAtlas/images/Fractured/IMG0002310.jpg,2880,2304,hand,1386.9909613804437,1853.4231717337716,268.8315529991785,194.9975349219394,1655.8225143796221,2048.420706655711,30447.18711704701,9,False,None
IMG0002311.jpg,168,203,E:/FracAtlas/images/Fractured/IMG0002311.jpg,2304,2880,hand,1185.1306491372227,965.5217748562039,239.013968775678,170.3861955628596,1424.1446179129007,1135.9079704190635,28101.82183514969,10,False,None
IMG0002312.jpg,169,204,E:/FracAtlas/images/Fractured/IMG0002312.jpg,2304,2880,hand,1050.241577649959,951.3229252259656,201.15036976170904,170.3861955628596,1251.391947411668,1121.7091207888252,24486.89038943642,8,False,None
IMG0002313.jpg,170,205,E:/FracAtlas/images/Fractured/IMG0002313.jpg,2304,2880,hand,1232.4601479046837,1152.4732949876748,279.24404272801985,253.21281840591632,1511.7041906327036,1405.686113393591,39769.846106479774,10,False,None
IMG0002314.jpg,171,206,E:/FracAtlas/images/Fractured/IMG0002314.jpg,1727,2049,hand,701.8697617091208,1168.4519309778143,257.59819227608875,266.0164338537386,959.4679539852095,1434.468364831553,41713.61067126962,10,False,None
IMG0002315.jpg,172,207,E:/FracAtlas/images/Fractured/IMG0002315.jpg,2304,2880,hand,1192.2300739523419,1306.294165981923,189.31799506984385,80.46014790468348,1381.5480690221857,1386.7543138866065,8797.91990893185,5,False,None
IMG0002316.jpg,173,208,E:/FracAtlas/images/Fractured/IMG0002316.jpg,2304,2880,hand,1466.7411668036154,1332.3253903040265,99.39194741166807,137.2555464256368,1566.1331142152835,1469.5809367296633,9979.562875694846,4,False,None
IMG0002317.jpg,174,209,E:/FracAtlas/images/Fractured/IMG0002317.jpg,2304,2880,hand,1182.7641741988498,1337.0583401807726,134.88907148726366,184.5850451930978,1317.6532456861135,1521.6433853738704,15691.770582321553,6,False,None
IMG0002318.jpg,175,210,E:/FracAtlas/images/Fractured/IMG0002318.jpg,2304,2880,hand,1244.292522596549,1469.5809367296633,106.49137222678723,186.95152013147072,1350.7838948233361,1656.532456861134,11267.60971150286,5,False,None
IMG0002318.jpg,175,211,E:/FracAtlas/images/Fractured/IMG0002318.jpg,2304,2880,hand,1296.354971240756,1419.8849630238292,132.52259654889076,127.78964667214473,1428.8775677896467,1547.674609695974,8733.51756714149,4,False,None
IMG0002319.jpg,176,212,E:/FracAtlas/images/Fractured/IMG0002319.jpg,2304,2880,hand,1312.9202958093674,1292.0953163516847,99.39194741166807,144.35497124075596,1412.3122432210355,1436.4502875924406,11049.201769778854,6,False,None
IMG0002319.jpg,176,213,E:/FracAtlas/images/Fractured/IMG0002319.jpg,2304,2880,hand,1424.1446179129007,1322.8594905505342,78.09367296631058,151.45439605587512,1502.2382908792113,1474.3138866064094,10388.377740973052,5,False,None
IMG0002320.jpg,177,214,E:/FracAtlas/images/Fractured/IMG0002320.jpg,2304,2880,leg,1182.7641741988498,1739.359079704191,149.087921117502,366.8036154478225,1331.8520953163518,2106.1626951520134,36460.12575881656,6,False,None
IMG0002321.jpg,178,215,E:/FracAtlas/images/Fractured/IMG0002321.jpg,2304,2880,leg,972.1479046836483,1734.6261298274449,113.59079704190628,234.28101889893173,1085.7387017255546,1968.9071487263766,11777.228242192068,4,False,None
IMG0002321.jpg,178,216,E:/FracAtlas/images/Fractured/IMG0002321.jpg,2304,2880,leg,981.6138044371405,1500.345110928513,113.5907970419064,222.44864420706654,1095.204601479047,1722.7937551355794,12208.44392200603,4,False,None
IMG0002322.jpg,179,217,E:/FracAtlas/images/Fractured/IMG0002322.jpg,2304,2880,leg,1152.0,1495.6121610517669,144.35497124075596,373.90304026294166,1296.354971240756,1869.5152013147085,31431.142895531535,5,False,None
IMG0002323.jpg,180,218,E:/FracAtlas/images/Fractured/IMG0002323.jpg,2304,2880,hand,1232.4601479046837,1187.9704190632706,99.39194741166807,165.65324568611322,1331.8520953163518,1353.6236647493838,13429.288314206642,6,False,None
IMG0002323.jpg,180,219,E:/FracAtlas/images/Fractured/IMG0002323.jpg,2304,2880,hand,1348.417419884963,1230.5669679539853,97.02547247329517,182.21857025472468,1445.4428923582582,1412.78553820871,12480.053798252478,5,False,None
IMG0002324.jpg,181,220,E:/FracAtlas/images/Fractured/IMG0002324.jpg,2304,2880,hand,1528.2695152013148,1580.8052588331966,137.2555464256368,184.5850451930978,1665.5250616269516,1765.3903040262944,18127.85916308881,6,False,None
IMG0002325.jpg,182,221,E:/FracAtlas/images/Fractured/IMG0002325.jpg,2304,2880,hand,1218.2612982744454,1235.2999178307314,113.5907970419064,149.08792111750222,1331.8520953163518,1384.3878389482336,13121.277114339566,5,False,None
IMG0002325.jpg,182,222,E:/FracAtlas/images/Fractured/IMG0002325.jpg,2304,2880,hand,1341.3179950698438,1313.3935907970422,89.926047658176,125.4231717337716,1431.2440427280198,1438.8167625308138,8699.916345337799,6,False,None
IMG0002326.jpg,183,223,E:/FracAtlas/images/Fractured/IMG0002326.jpg,2304,2880,hand,1488.039441248973,1561.8734593262122,115.95727198027953,189.31799506984385,1603.9967132292525,1751.191454396056,14680.933826393986,6,False,None
IMG0002327.jpg,184,224,E:/FracAtlas/images/Fractured/IMG0002327.jpg,2304,2880,hand,1222.9942481511914,1450.649137222679,144.35497124075596,149.087921117502,1367.3492193919474,1599.737058340181,10643.187006317647,4,False,None
IMG0002327.jpg,184,225,E:/FracAtlas/images/Fractured/IMG0002327.jpg,2304,2880,hand,1336.5850451930978,1557.1405094494662,82.82662284305684,85.19309778142974,1419.4116680361547,1642.333607230896,3729.735620209176,4,False,None
IMG0002328.jpg,185,226,E:/FracAtlas/images/Fractured/IMG0002328.jpg,2304,2880,hand,1147.267050123254,1017.584223500411,123.05669679539847,146.72144617912898,1270.3237469186524,1164.30566967954,12421.251660096023,6,False,None
IMG0002328.jpg,185,227,E:/FracAtlas/images/Fractured/IMG0002328.jpg,2304,2880,hand,1097.5710764174198,1072.013147082991,63.89482333607248,73.36072308956454,1161.4658997534923,1145.3738701725556,3889.341423776703,4,False,None
IMG0002329.jpg,186,228,E:/FracAtlas/images/Fractured/IMG0002329.jpg,2304,2880,hand,1144.9005751848808,1109.8767460969598,66.26129827444538,73.36072308956454,1211.1618734593262,1183.2374691865243,3396.523503989294,4,False,None
IMG0002329.jpg,186,229,E:/FracAtlas/images/Fractured/IMG0002329.jpg,2304,2880,hand,1199.329498767461,1048.3483976992607,106.49137222678723,127.7896466721445,1305.8208709942483,1176.1380443714052,9380.341086862449,6,False,None
IMG0002330.jpg,187,230,E:/FracAtlas/images/Fractured/IMG0002330.jpg,2304,2880,hand,993.4461791290058,1131.1750205423173,333.6729663105999,217.7156943303205,1327.1191454396057,1348.8907148726378,41785.919414700984,9,False,None
IMG0002331.jpg,188,231,E:/FracAtlas/images/Fractured/IMG0002331.jpg,2304,2880,hand,1310.5538208709943,795.1355792933443,274.5110928512736,222.44864420706665,1585.0649137222679,1017.584223500411,25212.116760032623,10,False,None
IMG0002332.jpg,189,232,E:/FracAtlas/images/Fractured/IMG0002332.jpg,2304,2880,hand,1658.4256368118324,1258.964667214462,239.013968775678,170.38619556285948,1897.4396055875104,1429.3508627773215,20706.75293652169,8,False,None
IMG0002333.jpg,190,233,E:/FracAtlas/images/Fractured/IMG0002333.jpg,2304,2880,hand,1530.635990139688,1019.950698438784,231.9145439605586,163.28677074774032,1762.5505341002465,1183.2374691865243,27418.596991808045,7,False,None
IMG0002334.jpg,191,234,E:/FracAtlas/images/Fractured/IMG0002334.jpg,2304,2880,hand,1618.1955628594906,1012.8512736236648,274.5110928512738,201.15036976170927,1892.7066557107644,1214.001643385374,28650.641791276576,11,False,None
IMG0002335.jpg,192,235,E:/FracAtlas/images/Fractured/IMG0002335.jpg,2304,2880,hand,1670.2580115036976,1138.2744453574364,229.54806902218593,208.24979457682844,1899.8060805258835,1346.5242399342649,32755.591054960256,9,False,None
IMG0002336.jpg,193,236,E:/FracAtlas/images/Fractured/IMG0002336.jpg,2304,2880,hand,1518.8036154478225,1209.2686935086278,248.4798685291703,217.7156943303205,1767.2834839769928,1426.9843878389484,37529.76465290065,12,False,None
IMG0002337.jpg,194,237,E:/FracAtlas/images/Fractured/IMG0002337.jpg,2304,2880,hip,0.0,1045.9819227608875,378.1626951520131,565.5875102711586,378.1626951520131,1611.5694330320462,84501.47263263719,11,False,None
IMG0002338.jpg,195,238,E:/FracAtlas/images/Fractured/IMG0002338.jpg,2304,2880,leg,437.3245686113393,840.0986031224323,440.1643385373871,544.2892358258013,877.4889071487264,1384.3878389482336,91955.34366942159,12,False,None
IMG0002339.jpg,196,239,E:/FracAtlas/images/Fractured/IMG0002339.jpg,2304,2880,leg,446.7904683648315,972.6211996713231,478.0279375513558,101.75842235004109,924.8184059161873,1074.3796220213642,22557.620237541472,6,False,None
IMG0002339.jpg,196,240,E:/FracAtlas/images/Fractured/IMG0002339.jpg,2304,2880,leg,740.2333607230895,567.9539852095318,298.1758422350041,402.3007395234182,1038.4092029580936,970.25472473295,57735.299364184,8,False,None
IMG0002340.jpg,197,241,E:/FracAtlas/images/Fractured/IMG0002340.jpg,2304,2880,leg,0.0,1045.9819227608875,382.8956450287592,532.456861133936,382.8956450287592,1578.4387838948235,72219.10602266307,10,False,None
IMG0002341.jpg,198,242,E:/FracAtlas/images/Fractured/IMG0002341.jpg,2304,2880,leg,0.0,1251.8652423993428,397.09449465899746,546.6557107641743,397.09449465899746,1798.520953163517,78886.70846924122,12,False,None
IMG0002342.jpg,199,243,E:/FracAtlas/images/Fractured/IMG0002342.jpg,2304,2880,leg,943.7502054231718,2669.383730484799,274.5110928512736,210.61626951520157,1218.2612982744454,2880.0000000000005,43337.17582130452,7,False,None
IMG0002343.jpg,200,244,E:/FracAtlas/images/Fractured/IMG0002343.jpg,2304,2880,leg,1050.241577649959,1024.68364831553,163.28677074774032,577.4198849630241,1213.5283483976993,1602.103533278554,49116.5859715385,5,False,None
IMG0002343.jpg,200,245,E:/FracAtlas/images/Fractured/IMG0002343.jpg,2304,2880,leg,1239.5595727198029,1384.3878389482336,78.09367296631058,201.15036976170904,1317.6532456861135,1585.5382087099426,10153.169188347236,4,False,None
IMG0002344.jpg,201,246,E:/FracAtlas/images/Fractured/IMG0002344.jpg,2304,2880,leg,1019.4774034511094,835.3656532456862,92.29252259654879,395.20131470829915,1111.7699260476581,1230.5669679539853,25049.71085464819,4,False,None
IMG0002344.jpg,201,247,E:/FracAtlas/images/Fractured/IMG0002344.jpg,2304,2880,leg,1152.0,612.9170090386197,108.85784716516036,570.3204601479047,1260.8578471651604,1183.2374691865243,36177.3154753024,5,False,None
IMG0002344.jpg,201,248,E:/FracAtlas/images/Fractured/IMG0002344.jpg,2304,2880,leg,1291.62202136401,1034.1495480690223,146.7214461791291,347.87181594083813,1438.343467543139,1382.0213640098605,22020.000688682543,5,False,None
IMG0002345.jpg,202,249,E:/FracAtlas/images/Fractured/IMG0002345.jpg,2304,2880,leg,875.1224322103533,2451.6680361544786,104.12489728841422,428.33196384552184,979.2473294987675,2880.0000000000005,25654.53284711456,5,False,None
IMG0002345.jpg,202,250,E:/FracAtlas/images/Fractured/IMG0002345.jpg,2304,2880,leg,1024.2103533278555,2319.145439605588,118.32374691865243,560.8545603944126,1142.534100246508,2880.0000000000005,46823.30258343692,6,False,None
IMG0002345.jpg,202,251,E:/FracAtlas/images/Fractured/IMG0002345.jpg,2304,2880,leg,1128.3352506162696,2681.2161051766643,132.52259654889076,198.78389482333614,1260.8578471651604,2880.0000000000005,13037.274059830326,3,False,None
IMG0002346.jpg,203,252,E:/FracAtlas/images/Fractured/IMG0002346.jpg,2304,2880,leg,1092.8381265406738,2181.889893179951,239.013968775678,667.3459326212001,1331.8520953163518,2849.235825801151,64895.1597101863,5,False,None
IMG0002347.jpg,204,253,E:/FracAtlas/images/Fractured/IMG0002347.jpg,2304,2880,leg,910.6195562859491,1133.5414954806904,113.5907970419064,189.31799506984385,1024.2103533278555,1322.8594905505342,8949.125407048443,5,False,None
IMG0002348.jpg,205,254,E:/FracAtlas/images/Fractured/IMG0002348.jpg,2304,2880,leg,960.3155299917831,1185.6039441248975,68.6277732128184,260.31224322103526,1028.9433032046015,1445.9161873459327,14255.318350213875,5,False,None
IMG0002349.jpg,206,255,E:/FracAtlas/images/Fractured/IMG0002349.jpg,2304,2880,hand,1059.707477403451,1157.2062448644208,111.22432210353327,144.35497124075596,1170.9317995069844,1301.5612161051768,9609.949435854287,5,False,None
IMG0002350.jpg,207,256,E:/FracAtlas/images/Fractured/IMG0002350.jpg,2304,2880,hand,1232.4601479046837,982.0870994248153,224.81511914543967,203.51684470008217,1457.2752670501234,1185.6039441248975,30078.693717933216,8,False,None
IMG0002351.jpg,208,257,E:/FracAtlas/images/Fractured/IMG0002351.jpg,2304,2880,hand,1196.963023829088,1497.97863599014,134.8890714872639,217.71569433032028,1331.8520953163518,1715.6943303204603,11525.21907866442,6,False,None
IMG0002352.jpg,209,258,E:/FracAtlas/images/Fractured/IMG0002352.jpg,2304,2880,hand,1047.875102711586,1232.9334428923585,175.11914543960552,125.4231717337716,1222.9942481511914,1358.35661462613,10270.773464660131,6,False,None
IMG0002353.jpg,210,259,E:/FracAtlas/images/Fractured/IMG0002353.jpg,2304,2880,hand,1376.8151191454397,1306.294165981923,220.08216926869363,186.95152013147072,1596.8972884141333,1493.2456861133937,27034.983042882617,9,False,None
IMG0002354.jpg,211,260,E:/FracAtlas/images/Fractured/IMG0002354.jpg,2304,2880,hand,1156.732949876746,1332.3253903040265,198.78389482333614,153.82087099424803,1355.5168447000822,1486.1462612982746,21633.586637940032,8,False,None
IMG0002355.jpg,212,261,E:/FracAtlas/images/Fractured/IMG0002355.jpg,2304,2880,hand,1012.3779786359902,1282.6294165981924,265.0451930977814,170.38619556285948,1277.4231717337716,1453.0156121610519,29972.28984888825,10,False,None
IMG0002356.jpg,213,262,E:/FracAtlas/images/Fractured/IMG0002356.jpg,2304,2880,hand,1213.5283483976993,1102.7773212818408,227.18159408381257,177.48562037797865,1440.709942481512,1280.2629416598195,23310.84762630741,9,False,None
IMG0002357.jpg,214,263,E:/FracAtlas/images/Fractured/IMG0002357.jpg,2304,2880,hand,536.7165160230073,809.3344289235827,125.4231717337716,113.5907970419064,662.1396877567789,922.9252259654891,7123.459022381518,4,False,None
IMG0002358.jpg,215,264,E:/FracAtlas/images/Fractured/IMG0002358.jpg,2304,2880,hand,550.9153656532457,849.5645028759245,125.4231717337716,106.49137222678723,676.3385373870173,956.0558751027118,6720.244360737277,5,False,None
IMG0002359.jpg,216,265,E:/FracAtlas/images/Fractured/IMG0002359.jpg,2304,2880,hand,1286.889071487264,1431.7173377156946,286.3434675431388,144.35497124075596,1573.2325390304027,1576.0723089564506,27978.61735520282,8,False,None
IMG0002360.jpg,217,266,E:/FracAtlas/images/Fractured/IMG0002360.jpg,2304,2880,hand,820.6935086277732,1171.4050944946591,179.85209531635167,163.28677074774032,1000.5456039441249,1334.6918652423994,17413.833199760425,6,False,None
IMG0002361.jpg,218,267,E:/FracAtlas/images/Fractured/IMG0002361.jpg,2304,2880,hand,1234.8266228430568,754.9055053410026,201.15036976170904,94.65899753492192,1435.9769926047659,849.5645028759245,13978.108270333512,7,False,None
IMG0002362.jpg,219,268,E:/FracAtlas/images/Fractured/IMG0002362.jpg,2304,2880,hand,882.2218570254724,1916.8447000821695,184.5850451930978,99.39194741166807,1066.8069022185703,2016.2366474938376,11228.408286065169,7,False,None
IMG0002363.jpg,220,269,E:/FracAtlas/images/Fractured/IMG0002363.jpg,2304,2880,hand,1166.1988496302383,870.862777321282,194.0509449465901,151.45439605587512,1360.2497945768284,1022.3171733771571,23364.049560829946,8,False,None
IMG0002364.jpg,221,270,E:/FracAtlas/images/Fractured/IMG0002364.jpg,2880,2304,hand,1296.1183237469186,901.1536565324569,204.46343467543147,141.98849630238294,1500.58175842235,1043.1421528348399,14992.417152514157,7,False,None
IMG0002365.jpg,222,271,E:/FracAtlas/images/Fractured/IMG0002365.jpg,2880,2304,hand,1631.2111750205424,1048.8216926869352,191.2111750205422,130.62941659819217,1822.4223500410847,1179.4511092851274,17003.11426524668,7,False,None
IMG0002366.jpg,223,272,E:/FracAtlas/images/Fractured/IMG0002366.jpg,2304,2880,leg,316.6343467543138,1902.6458504519312,539.5562859490551,567.9539852095315,856.1906327033689,2470.5998356614627,187783.22815171815,12,False,None
IMG0002367.jpg,224,273,E:/FracAtlas/images/Fractured/IMG0002367.jpg,2304,2880,leg,726.0345110928513,1736.9926047658178,494.5932621199672,492.2267871815943,1220.6277732128185,2229.219391947412,179545.32860618105,14,False,None
IMG0002368.jpg,225,274,E:/FracAtlas/images/Fractured/IMG0002368.jpg,2304,2880,leg,330.83319638455214,440.1643385373871,522.9909613804438,627.115858668858,853.8241577649959,1067.280197206245,179581.7299298017,13,False,None
IMG0002369.jpg,226,275,E:/FracAtlas/images/Fractured/IMG0002369.jpg,2304,2880,leg,607.7107641741989,399.93426458504524,470.9285127362366,494.59326211996716,1078.6392769104355,894.5275267050124,153479.18079197136,13,False,None
IMG0002370.jpg,227,276,E:/FracAtlas/images/Fractured/IMG0002370.jpg,2304,2880,leg,356.86442070665566,1656.532456861134,572.6869350862778,579.7863599013972,929.5513557929335,2236.3188167625312,182793.4467138708,12,False,None
IMG0002371.jpg,228,277,E:/FracAtlas/images/Fractured/IMG0002371.jpg,2304,2880,leg,1076.2728019720626,2539.2276088742815,208.2497945768282,184.5850451930978,1284.5225965488908,2723.8126540673793,30392.30512143426,6,False,None
IMG0002371.jpg,228,278,E:/FracAtlas/images/Fractured/IMG0002371.jpg,2304,2880,leg,1277.4231717337716,2513.1963845521777,132.52259654889076,172.75267050123284,1409.9457682826624,2685.9490550534106,18049.45631221353,6,False,None
IMG0002372.jpg,229,279,E:/FracAtlas/images/Fractured/IMG0002372.jpg,2304,2880,leg,647.9408381265406,2002.0377978635993,267.41166803615454,212.98274445357447,915.3525061626951,2215.0205423171737,38507.00018702457,7,False,None
IMG0002373.jpg,230,280,E:/FracAtlas/images/Fractured/IMG0002373.jpg,2304,2880,leg,1109.4034511092852,2387.773212818406,186.95152013147072,269.7781429745278,1296.354971240756,2657.551355792934,30325.10267782696,6,False,None
IMG0002373.jpg,230,281,E:/FracAtlas/images/Fractured/IMG0002373.jpg,2304,2880,leg,1298.721446179129,2394.8726376335253,127.7896466721445,191.68447000821698,1426.5110928512736,2586.5571076417423,14538.12863372828,7,False,None
IMG0002374.jpg,231,282,E:/FracAtlas/images/Fractured/IMG0002374.jpg,2304,2880,leg,602.9778142974527,1486.1462612982746,215.34921939194749,231.91454396055883,818.3270336894002,1718.0608052588334,36429.32463882999,6,False,None
IMG0002375.jpg,232,283,E:/FracAtlas/images/Fractured/IMG0002375.jpg,2304,2880,hand,1428.8775677896467,1502.711585866886,78.09367296631058,120.69022185702534,1506.9712407559573,1623.4018077239114,5936.215851984583,5,False,None
IMG0002375.jpg,232,284,E:/FracAtlas/images/Fractured/IMG0002375.jpg,2304,2880,hand,1469.1076417419886,1658.8989317995072,52.06244864420705,127.78964667214473,1521.1700903861956,1786.688578471652,4460.562194439328,5,False,None
IMG0002376.jpg,233,285,E:/FracAtlas/images/Fractured/IMG0002376.jpg,2304,2880,hand,1353.1503697617093,1344.1577649958917,68.62777321281828,89.92604765817578,1421.7781429745276,1434.0838126540675,4496.963518060009,5,False,None
IMG0002377.jpg,234,286,E:/FracAtlas/images/Fractured/IMG0002377.jpg,2304,2880,hand,1386.281018898932,1348.8907148726378,63.89482333607225,78.09367296631058,1450.1758422350042,1426.9843878389484,4130.150180036446,4,False,None
IMG0002378.jpg,235,287,E:/FracAtlas/images/Fractured/IMG0002378.jpg,1760,2140,leg,352.4732949876746,1100.772391125719,77.37058340180772,77.37058340180783,429.8438783894823,1178.1429745275268,4755.571609808732,4,False,None
IMG0002378.jpg,235,288,E:/FracAtlas/images/Fractured/IMG0002378.jpg,1760,2140,leg,1377.633525061627,1150.0082169268694,91.4379622021363,101.98849630238283,1469.0714872637634,1251.9967132292522,6391.265616043354,6,False,None
IMG0002379.jpg,236,289,E:/FracAtlas/images/Fractured/IMG0002379.jpg,1760,2140,hand,297.96220213640095,763.1552999178308,131.88167625308137,91.43796220213642,429.8438783894823,854.5932621199672,8294.42187471516,7,False,None
IMG0002379.jpg,236,290,E:/FracAtlas/images/Fractured/IMG0002379.jpg,1760,2140,hand,1280.9202958093674,633.0320460147905,103.7469186524238,82.64585045193098,1384.6672144617912,715.6778964667214,6652.543770158292,6,False,None
IMG0002380.jpg,237,291,E:/FracAtlas/images/Fractured/IMG0002380.jpg,373,454,hand,95.8492193919474,218.23336072308962,21.26376335250616,19.02547247329497,117.11298274445356,237.2588331963846,274.36412936697275,5,False,None
IMG0002380.jpg,237,292,E:/FracAtlas/images/Fractured/IMG0002380.jpg,373,454,hand,265.5862777321282,213.75677896466726,26.859490550534076,11.19145439605586,292.4457682826623,224.94823336072312,222.31635641072248,5,False,None
IMG0002381.jpg,238,293,E:/FracAtlas/images/Fractured/IMG0002381.jpg,373,454,hand,64.88619556285947,165.26047658175844,17.16023007395235,37.67789646672148,82.04642563681182,202.93837304847992,334.20515174982773,6,False,None
IMG0002381.jpg,238,294,E:/FracAtlas/images/Fractured/IMG0002381.jpg,373,454,hand,251.03738701725555,157.79950698438788,18.279375513557937,22.755957271980265,269.3167625308135,180.55546425636814,271.30249566366365,6,False,None
IMG0002382.jpg,239,295,E:/FracAtlas/images/Fractured/IMG0002382.jpg,373,454,hand,75.33155299917829,174.5866885784717,19.398520953163526,24.621199671322927,94.73007395234181,199.20788824979462,279.7219883477636,4,False,None
IMG0002382.jpg,239,296,E:/FracAtlas/images/Fractured/IMG0002382.jpg,373,454,hand,272.30115036976173,166.75267050123256,13.429745275267067,16.78718159408382,285.7308956450288,183.53985209531638,197.96245195258354,4,False,None
IMG0002382.jpg,239,297,E:/FracAtlas/images/Fractured/IMG0002382.jpg,373,454,hand,299.9067378800329,158.1725554642564,14.175842235004097,21.63681183237469,314.082580115037,179.80936729663108,170.0598357019726,4,False,None
IMG0002383.jpg,240,298,E:/FracAtlas/images/Fractured/IMG0002383.jpg,373,454,leg,148.82210353327855,258.1495480690222,42.900575184880864,38.05094494658999,191.72267871815941,296.2004930156122,1043.460432154989,5,False,None
IMG0002384.jpg,241,299,E:/FracAtlas/images/Fractured/IMG0002384.jpg,373,454,leg,49.9642563681183,307.7649958915366,38.79704190632704,30.216926869350857,88.76129827444534,337.98192276088747,697.2870759285905,6,False,None
IMG0002384.jpg,241,300,E:/FracAtlas/images/Fractured/IMG0002384.jpg,373,454,leg,276.031635168447,96.24650780608054,41.78142974527532,29.84387838948234,317.8130649137223,126.09038619556289,598.5493889968812,7,False,None
IMG0002385.jpg,242,301,E:/FracAtlas/images/Fractured/IMG0002385.jpg,373,454,hand,262.9749383730485,149.96548890714877,11.564502875924404,13.056696795398523,274.5394412489729,163.0221857025473,75.49710382022886,4,False,None
IMG0002385.jpg,242,302,E:/FracAtlas/images/Fractured/IMG0002385.jpg,373,454,hand,279.7621199671323,144.74281018898935,12.310599835661435,14.175842235004097,292.07271980279376,158.91865242399345,97.27645266422132,4,False,None
IMG0002386.jpg,243,303,E:/FracAtlas/images/Fractured/IMG0002386.jpg,373,454,hand,282.74650780608056,0.0,29.097781429745282,19.02547247329499,311.84428923582584,19.02547247329499,270.8154175745012,4,False,None
IMG0002387.jpg,244,304,E:/FracAtlas/images/Fractured/IMG0002387.jpg,296,454,leg,81.97041906327034,112.28759244042726,45.51191454396056,129.82087099424814,127.4823336072309,242.1084634346754,2251.970753951992,9,False,None
IMG0002388.jpg,245,305,E:/FracAtlas/images/Fractured/IMG0002388.jpg,454,373,hand,65.78553820870992,68.34757600657355,62.83073130649139,45.66721446179129,128.6162695152013,114.01479046836484,1238.1361177484944,12,False,None
IMG0002388.jpg,245,306,E:/FracAtlas/images/Fractured/IMG0002388.jpg,454,373,hand,291.3631881676253,232.93344289235827,79.07477403451105,65.89564502875922,370.43796220213636,298.8290879211175,2338.889429669654,12,False,None
IMG0002389.jpg,246,307,E:/FracAtlas/images/Fractured/IMG0002389.jpg,373,454,leg,258.87140509449466,259.64174198849634,80.57847165160234,48.49630238290882,339.449876746097,308.13804437140516,1656.5525812425885,9,False,None
IMG0002390.jpg,247,308,E:/FracAtlas/images/Fractured/IMG0002390.jpg,373,454,leg,186.87304847986852,159.6647493837305,81.69761709120789,80.57847165160231,268.5706655710764,240.24322103533282,2022.2090610354965,9,False,None
IMG0002391.jpg,248,309,E:/FracAtlas/images/Fractured/IMG0002391.jpg,373,454,leg,44.74157764995889,183.53985209531638,52.226787181594084,96.99260476581762,96.96836483155298,280.532456861134,1654.6738514701012,9,False,None
IMG0002391.jpg,248,310,E:/FracAtlas/images/Fractured/IMG0002391.jpg,373,454,leg,290.20747740345115,140.6392769104355,66.77567789646673,86.92029580936733,356.9831552999179,227.55957271980284,2770.2914234053496,11,False,None
IMG0002392.jpg,249,311,E:/FracAtlas/images/Fractured/IMG0002392.jpg,373,454,hand,45.487674609695944,183.53985209531638,25.367296631059986,26.113393590797045,70.85497124075593,209.65324568611342,345.1992000480726,5,False,None
IMG0002392.jpg,249,312,E:/FracAtlas/images/Fractured/IMG0002392.jpg,373,454,hand,281.6273623664749,175.70583401807727,23.502054231717352,25.367296631059986,305.1294165981923,201.07313064913725,306.44170066754964,4,False,None
IMG0002393.jpg,250,313,E:/FracAtlas/images/Fractured/IMG0002393.jpg,373,454,hand,106.29457682826622,243.6006573541496,32.45521774856205,17.53327855382085,138.74979457682826,261.13393590797045,397.94279884598427,6,False,None
IMG0002393.jpg,250,314,E:/FracAtlas/images/Fractured/IMG0002393.jpg,373,454,hand,282.74650780608056,231.29005751848814,38.05094494658999,17.906327033689394,320.79745275267055,249.19638455217753,316.73992312413486,6,False,None
IMG0002394.jpg,251,315,E:/FracAtlas/images/Fractured/IMG0002394.jpg,373,454,hand,90.62654067378799,179.43631881676257,13.056696795398523,21.263763352506174,103.68323746918651,200.70008216926874,242.9128013238908,6,False,None
IMG0002394.jpg,251,316,E:/FracAtlas/images/Fractured/IMG0002394.jpg,373,454,hand,284.2387017255547,193.23911257189815,14.921939194741128,17.533278553820878,299.1606409202958,210.77239112571903,206.7994401416795,5,False,None
IMG0002395.jpg,252,317,E:/FracAtlas/images/Fractured/IMG0002395.jpg,454,373,hand,102.2580115036976,163.66639276910436,13.485620377978634,16.857025472473282,115.74363188167624,180.52341824157764,194.07376194138214,5,False,None
IMG0002395.jpg,252,318,E:/FracAtlas/images/Fractured/IMG0002395.jpg,454,373,hand,350.51602300739523,153.2456861133936,15.324568611339373,18.08299096138046,365.8405916187346,171.32867707477405,226.85776141744464,6,False,None
IMG0002395.jpg,252,319,E:/FracAtlas/images/Fractured/IMG0002395.jpg,454,373,hand,375.64831552999175,146.50287592440426,10.420706655710774,16.85702547247331,386.0690221857025,163.35990139687758,126.20430743864813,5,False,None
IMG0002395.jpg,252,320,E:/FracAtlas/images/Fractured/IMG0002395.jpg,454,373,hand,117.77212614445574,161.56002034587996,13.855544252288922,15.241098677517812,131.62767039674466,176.80111902339777,170.5387746316061,4,False,None
IMG0002396.jpg,253,321,E:/FracAtlas/images/Fractured/IMG0002396.jpg,373,214,hand,226.59202958093675,80.18405916187346,18.28759244042729,20.221857025472474,244.87962202136404,100.40591618734594,205.43574626507882,7,False,None
IMG0002397.jpg,254,322,E:/FracAtlas/images/Fractured/IMG0002397.jpg,373,454,hand,199.18364831552998,175.70583401807727,11.937551355792948,14.548890714872641,211.12119967132293,190.2547247329499,147.79340876881815,5,False,None
IMG0002397.jpg,254,323,E:/FracAtlas/images/Fractured/IMG0002397.jpg,373,454,hand,213.73253903040262,179.80936729663108,13.802793755135582,17.906327033689422,227.5353327855382,197.7156943303205,210.0698215974869,6,False,None
IMG0002398.jpg,255,324,E:/FracAtlas/images/Fractured/IMG0002398.jpg,454,373,hand,123.09942481511914,159.06902218570255,35.859490550534105,17.776499589153644,158.95891536565324,176.8455217748562,311.07224717758334,9,False,None
IMG0002398.jpg,255,325,E:/FracAtlas/images/Fractured/IMG0002398.jpg,454,373,hand,326.9161873459326,164.27937551355794,23.906327033689422,15.324568611339345,350.822514379622,179.60394412489728,229.30012240992858,5,False,None
IMG0002399.jpg,256,326,E:/FracAtlas/images/Fractured/IMG0002399.jpg,373,454,leg,224.17789646672145,276.80197206244867,55.957271980279415,87.66639276910439,280.13516844700086,364.46836483155306,2459.5356025194947,5,False,None
IMG0002400.jpg,257,327,E:/FracAtlas/images/Fractured/IMG0002400.jpg,373,454,leg,114.87469186524238,204.80361544782255,60.06080525883321,88.78553820870997,174.9354971240756,293.5891536565325,2205.350422560698,8,False,None
IMG0002401.jpg,258,328,E:/FracAtlas/images/Fractured/IMG0002401.jpg,373,454,leg,199.92974527526704,180.18241577649962,25.367296631060015,45.13886606409204,225.29704190632705,225.32128184059167,323.0719382832501,6,False,None
IMG0002401.jpg,258,329,E:/FracAtlas/images/Fractured/IMG0002401.jpg,373,454,leg,167.84757600657355,234.27444535743635,35.81265406737879,35.43960558751027,203.66023007395233,269.7140509449466,664.1657658655213,5,False,None
IMG0002402.jpg,259,330,E:/FracAtlas/images/Fractured/IMG0002402.jpg,373,454,hand,65.259244042728,170.8562037797864,41.781429745275275,27.605587510271164,107.04067378800328,198.46179129005756,575.7958839745626,6,False,None
IMG0002402.jpg,259,331,E:/FracAtlas/images/Fractured/IMG0002402.jpg,373,454,hand,255.88701725554643,183.16680361544786,32.45521774856206,27.605587510271164,288.3422350041085,210.77239112571903,373.658476972013,6,False,None
IMG0002403.jpg,260,332,E:/FracAtlas/images/Fractured/IMG0002403.jpg,373,454,leg,74.95850451930976,157.79950698438788,24.248151191454397,57.82251437962202,99.20665571076415,215.6220213640099,545.8057901989691,6,False,None
IMG0002403.jpg,260,333,E:/FracAtlas/images/Fractured/IMG0002403.jpg,373,454,leg,292.81881676253084,177.94412489728845,20.890714872637602,29.470829909613798,313.70953163516845,207.41495480690224,468.4299566062513,5,False,None
IMG0002404.jpg,261,334,E:/FracAtlas/images/Fractured/IMG0002404.jpg,373,454,leg,240.59202958093672,221.96384552177489,24.9942481511915,71.62530813475763,265.5862777321282,293.5891536565325,805.0009162177321,9,False,None
IMG0002404.jpg,261,335,E:/FracAtlas/images/Fractured/IMG0002404.jpg,373,454,leg,271.55505341002464,278.66721446179133,9.699260476581799,12.683648315529979,281.25431388660644,291.3508627773213,68.19093248278818,4,False,None
IMG0002405.jpg,262,336,E:/FracAtlas/images/Fractured/IMG0002405.jpg,373,454,hand,89.88044371405093,179.43631881676257,23.875102711585868,16.04108463434676,113.7555464256368,195.47740345110932,244.3044530072132,4,False,None
IMG0002405.jpg,262,337,E:/FracAtlas/images/Fractured/IMG0002405.jpg,373,454,hand,262.22884141331144,211.14543960558754,34.69350862777321,11.937551355792948,296.92235004108466,223.0829909613805,302.82340629091203,5,False,None
IMG0002406.jpg,263,338,E:/FracAtlas/images/Fractured/IMG0002406.jpg,373,454,leg,253.64872637633525,164.14133114215286,13.802793755135582,20.14461791290057,267.45152013147083,184.28594905505344,214.87101990494904,5,False,None
IMG0002407.jpg,264,339,E:/FracAtlas/images/Fractured/IMG0002407.jpg,454,373,leg,143.0213640098603,137.30813475760067,18.695973705834035,19.002465078060794,161.71733771569433,156.31059983566146,246.9602711248276,5,False,None
IMG0002408.jpg,265,340,E:/FracAtlas/images/Fractured/IMG0002408.jpg,373,454,hand,245.44165981922762,285.7551355792934,23.502054231717324,22.75595727198032,268.94371405094495,308.5110928512737,370.9447561895349,7,False,None
IMG0002409.jpg,266,341,E:/FracAtlas/images/Fractured/IMG0002409.jpg,373,454,hand,205.525472473295,278.2941659819228,21.63681183237469,17.16023007395239,227.1622843056697,295.4543960558752,282.22696137774415,6,False,None
IMG0002410.jpg,267,342,E:/FracAtlas/images/Fractured/IMG0002410.jpg,373,454,hand,78.31594083812652,156.68036154478227,24.621199671322927,38.42399342645851,102.93714050944945,195.10435497124078,588.7382446294587,8,False,None
IMG0002410.jpg,267,343,E:/FracAtlas/images/Fractured/IMG0002410.jpg,373,454,hand,258.87140509449466,154.81511914543964,33.57436318816764,37.67789646672145,292.4457682826623,192.4930156121611,619.9808249200432,8,False,None
IMG0002411.jpg,268,344,E:/FracAtlas/images/Fractured/IMG0002411.jpg,373,454,hand,47.35291700903859,211.14543960558754,34.3204601479047,31.709120788825004,81.67337715694329,242.85456039441254,574.4042322912404,9,False,None
IMG0002411.jpg,268,345,E:/FracAtlas/images/Fractured/IMG0002411.jpg,373,454,hand,274.9124897288414,213.0106820049302,37.67789646672145,29.097781429745282,312.59038619556287,242.10846343467549,650.2492490322998,8,False,None
IMG0002412.jpg,269,346,E:/FracAtlas/images/Fractured/IMG0002412.jpg,373,454,hand,55.18693508627771,212.63763352506166,35.06655710764175,31.709120788825004,90.25349219391946,244.34675431388666,587.8336710352994,7,False,None
IMG0002412.jpg,269,347,E:/FracAtlas/images/Fractured/IMG0002412.jpg,373,454,hand,266.33237469186525,199.58093672966314,38.42399342645854,30.5899753492194,304.7563681183238,230.17091207888254,642.8734951106926,9,False,None
IMG0002413.jpg,270,348,E:/FracAtlas/images/Fractured/IMG0002413.jpg,454,373,hand,135.3590797041906,144.05094494658996,26.35825801150372,27.89071487263766,161.71733771569433,171.94165981922762,433.56604464687916,5,False,None
IMG0002413.jpg,270,349,E:/FracAtlas/images/Fractured/IMG0002413.jpg,454,373,hand,167.54067378800326,150.4872637633525,12.872637633525073,15.324568611339373,180.41331142152833,165.81183237469187,163.40334409343404,6,False,None
IMG0002414.jpg,271,350,E:/FracAtlas/images/Fractured/IMG0002414.jpg,454,373,hand,217.80525883319638,175.61955628594905,16.857025472473282,16.550534100246523,234.66228430566966,192.17009038619557,151.70819241787603,4,False,None
IMG0002414.jpg,271,351,E:/FracAtlas/images/Fractured/IMG0002414.jpg,454,373,hand,234.66228430566966,167.6507806080526,21.147904683648335,20.84141331142152,255.810188989318,188.49219391947412,235.35905641052,7,False,None
IMG0002415.jpg,272,352,E:/FracAtlas/images/Fractured/IMG0002415.jpg,373,454,hand,215.59778142974528,248.823336072309,17.906327033689394,23.50205423171738,233.50410846343468,272.32539030402637,265.1792282570457,5,False,None
IMG0002416.jpg,273,353,E:/FracAtlas/images/Fractured/IMG0002416.jpg,373,454,hand,199.55669679539852,220.8447000821693,19.771569433032056,11.93755135579292,219.32826622843058,232.78225143796223,173.53896491027876,6,False,None
IMG0002417.jpg,274,354,E:/FracAtlas/images/Fractured/IMG0002417.jpg,373,454,leg,163.7440427280197,224.20213640098606,19.39852095316354,18.279375513557937,183.14256368118325,242.481511914544,227.25671988651675,5,False,None
IMG0002417.jpg,274,355,E:/FracAtlas/images/Fractured/IMG0002417.jpg,373,454,leg,186.5,160.41084634346757,31.33607230895646,79.83237469186525,217.83607230895646,240.24322103533282,539.8912705448474,8,False,None
IMG0002418.jpg,275,356,E:/FracAtlas/images/Fractured/IMG0002418.jpg,373,454,leg,219.7013147082991,250.3155299917831,21.263763352506174,28.724732949876767,240.96507806080527,279.0402629416599,254.1851799588012,5,False,None
IMG0002418.jpg,275,357,E:/FracAtlas/images/Fractured/IMG0002418.jpg,373,454,leg,237.60764174198852,197.34264585045196,21.263763352506146,21.263763352506174,258.87140509449466,218.60640920295813,230.5271013423221,6,False,None
IMG0002419.jpg,276,358,E:/FracAtlas/images/Fractured/IMG0002419.jpg,373,454,hand,189.85743631881675,177.1980279375514,32.45521774856206,22.755957271980293,222.31265406737882,199.95398520953168,406.91895220341314,7,False,None
IMG0002420.jpg,277,359,E:/FracAtlas/images/Fractured/IMG0002420.jpg,373,454,hand,187.61914543960557,186.1511914543961,31.33607230895646,43.27362366474938,218.95521774856203,229.42481511914548,666.3228259746711,9,False,None
IMG0002421.jpg,278,360,E:/FracAtlas/images/Fractured/IMG0002421.jpg,373,454,hand,80.5542317173377,207.04190632703373,19.77156943303204,16.414133114215275,100.32580115036974,223.456039441249,243.81737491805006,6,False,None
IMG0002421.jpg,278,361,E:/FracAtlas/images/Fractured/IMG0002421.jpg,373,454,hand,247.6799506984388,186.5242399342646,9.699260476581742,14.921939194741185,257.37921117502054,201.4461791290058,116.55082847823462,4,False,None
IMG0002421.jpg,278,362,E:/FracAtlas/images/Fractured/IMG0002421.jpg,373,454,hand,257.7522596548891,188.38948233360728,12.683648315529979,15.668036154478216,270.43590797041907,204.0575184880855,149.32422562047236,6,False,None
IMG0002422.jpg,279,363,E:/FracAtlas/images/Fractured/IMG0002422.jpg,373,454,hand,99.57970419063268,179.80936729663108,17.16023007395235,22.382908792111778,116.73993426458503,202.19227608874286,231.22292718398444,5,False,None
IMG0002422.jpg,279,364,E:/FracAtlas/images/Fractured/IMG0002422.jpg,373,454,hand,105.92152834839769,205.5497124075596,17.16023007395235,22.009860312243234,123.08175842235003,227.55957271980284,239.99033278891432,6,False,None
IMG0002422.jpg,279,365,E:/FracAtlas/images/Fractured/IMG0002422.jpg,373,454,hand,296.5493015612161,174.9597370583402,16.414133114215304,26.859490550534105,312.9634346754314,201.81922760887431,270.11959173284095,6,False,None
IMG0002422.jpg,279,366,E:/FracAtlas/images/Fractured/IMG0002422.jpg,373,454,hand,304.38331963845525,201.4461791290058,15.294987674609672,23.875102711585868,319.6783073130649,225.32128184059167,203.4594761017063,6,False,None
IMG0002423.jpg,280,367,E:/FracAtlas/images/Fractured/IMG0002423.jpg,373,454,hand,129.79663105998355,136.5357436318817,35.812654067378816,37.304847986852934,165.60928512736237,173.84059161873463,617.058356385065,6,False,None
IMG0002424.jpg,281,368,E:/FracAtlas/images/Fractured/IMG0002424.jpg,454,373,leg,274.1996713229252,231.70747740345112,24.519309778142997,16.857025472473282,298.7189811010682,248.5645028759244,254.2873541022857,5,False,None
IMG0002424.jpg,281,369,E:/FracAtlas/images/Fractured/IMG0002424.jpg,454,373,leg,245.08299096138043,242.43467543138865,18.695973705834007,17.163516844700098,263.77896466721444,259.59819227608875,144.09929855667042,6,False,None
IMG0002425.jpg,282,370,E:/FracAtlas/images/Fractured/IMG0002425.jpg,373,454,hand,94.35702547247328,173.09449465899758,16.414133114215275,13.056696795398523,110.77115858668856,186.1511914543961,109.38382230912498,4,False,None
IMG0002425.jpg,282,371,E:/FracAtlas/images/Fractured/IMG0002425.jpg,373,454,hand,289.0883319638455,130.94001643385377,23.875102711585896,11.93755135579292,312.9634346754314,142.8775677896467,168.80734918698317,4,False,None
IMG0002426.jpg,283,372,E:/FracAtlas/images/Fractured/IMG0002426.jpg,373,454,leg,226.0431388660641,171.97534921939197,17.53327855382085,16.414133114215304,243.57641741988496,188.38948233360728,232.0579181939779,6,False,None
IMG0002427.jpg,284,373,E:/FracAtlas/images/Fractured/IMG0002427.jpg,454,373,hand,275.1191454396056,120.75760065735415,20.841413311421547,21.454396055875094,295.9605587510271,142.21199671322924,269.88088966969553,4,False,None
IMG0002428.jpg,285,374,E:/FracAtlas/images/Fractured/IMG0002428.jpg,373,454,leg,155.9100246507806,104.08052588331965,36.558751027115875,80.57847165160233,192.46877567789647,184.65899753492198,1981.9207448033176,10,False,None
IMG0002429.jpg,286,375,E:/FracAtlas/images/Fractured/IMG0002429.jpg,373,454,leg,151.43344289235824,142.8775677896467,29.470829909613826,54.09202958093675,180.90427280197207,196.96959737058344,667.5057299054961,9,False,None
IMG0002430.jpg,287,376,E:/FracAtlas/images/Fractured/IMG0002430.jpg,373,454,leg,208.1368118323747,215.99506984387844,27.23253903040265,16.414133114215275,235.36935086277734,232.40920295809372,423.2012768982818,4,False,None
IMG0002431.jpg,288,377,E:/FracAtlas/images/Fractured/IMG0002431.jpg,373,454,leg,165.60928512736237,204.0575184880855,31.33607230895646,20.14461791290057,196.94535743631883,224.20213640098606,419.65256510581094,4,False,None
IMG0002432.jpg,289,378,E:/FracAtlas/images/Fractured/IMG0002432.jpg,373,454,leg,57.798274445357414,289.11257189811016,45.138866064092035,19.39852095316354,102.93714050944945,308.5110928512737,658.0424984589051,5,False,None
IMG0002432.jpg,289,379,E:/FracAtlas/images/Fractured/IMG0002432.jpg,373,454,leg,280.13516844700086,276.05587510271164,34.32046014790467,32.82826622843055,314.45562859490553,308.8841413311422,610.2392631367866,5,False,None
IMG0002433.jpg,290,380,E:/FracAtlas/images/Fractured/IMG0002433.jpg,373,454,leg,176.42769104354971,213.0106820049302,17.160230073952334,41.78142974527526,193.58792111750205,254.79211175020546,221.69011315322678,4,False,None
IMG0002434.jpg,291,381,E:/FracAtlas/images/Fractured/IMG0002434.jpg,454,373,leg,156.50698438783894,188.18570254724733,67.42810188989318,47.506162695152,223.93508627773213,235.69186524239933,645.5817661869066,9,False,None
IMG0002435.jpg,292,382,E:/FracAtlas/images/Fractured/IMG0002435.jpg,373,454,leg,124.20090386195561,40.28923582580116,15.66803615447823,40.66228430566969,139.86894001643384,80.95152013147084,275.6861984661282,4,False,None
IMG0002436.jpg,293,383,E:/FracAtlas/images/Fractured/IMG0002436.jpg,373,454,leg,196.57230895645029,22.009860312243227,10.072308956450286,36.18570254724733,206.64461791290057,58.19556285949056,183.48927444603214,4,False,None
IMG0002437.jpg,294,384,E:/FracAtlas/images/Fractured/IMG0002437.jpg,373,454,leg,158.89441248972884,223.0829909613805,13.802793755135582,45.8849630238291,172.69720624486442,268.9679539852096,438.2311150781625,5,False,None
IMG0002438.jpg,295,385,E:/FracAtlas/images/Fractured/IMG0002438.jpg,373,454,leg,170.83196384552178,213.0106820049302,16.78718159408379,74.2366474938373,187.61914543960557,287.2473294987675,552.694466031412,7,False,None
IMG0002439.jpg,296,386,E:/FracAtlas/images/Fractured/IMG0002439.jpg,373,454,leg,143.59942481511914,218.23336072308962,30.216926869350857,81.69761709120792,173.81635168447,299.93097781429753,516.0940267600404,7,False,None
IMG0002439.jpg,296,387,E:/FracAtlas/images/Fractured/IMG0002439.jpg,373,454,leg,126.06614626129826,275.6828266228431,13.429745275267067,18.652423993426453,139.49589153656532,294.33525061626955,119.33413184487927,4,False,None
IMG0002440.jpg,297,388,E:/FracAtlas/images/Fractured/IMG0002440.jpg,373,454,leg,182.3964667214462,201.07313064913725,23.502054231717324,23.875102711585868,205.8985209531635,224.94823336072312,258.15138725626866,4,False,None
IMG0002440.jpg,297,389,E:/FracAtlas/images/Fractured/IMG0002440.jpg,373,454,leg,165.60928512736237,258.1495480690222,29.84387838948234,31.709120788824976,195.4531635168447,289.8586688578472,462.51543695213445,6,False,None
IMG0002441.jpg,298,390,E:/FracAtlas/images/Fractured/IMG0002441.jpg,373,454,hand,207.76376335250617,197.34264585045196,24.621199671322927,26.859490550534105,232.3849630238291,224.20213640098606,390.21913200354675,5,False,None
IMG0002441.jpg,298,391,E:/FracAtlas/images/Fractured/IMG0002441.jpg,373,454,hand,240.59202958093672,200.70008216926874,15.2949876746097,16.78718159408382,255.88701725554643,217.48726376335256,195.2487311701047,5,False,None
IMG0002442.jpg,299,392,E:/FracAtlas/images/Fractured/IMG0002442.jpg,373,454,hand,212.24034511092853,181.3015612161052,33.57436318816761,16.414133114215304,245.81470829909614,197.7156943303205,402.18733648011744,8,False,None
IMG0002443.jpg,300,393,E:/FracAtlas/images/Fractured/IMG0002443.jpg,373,454,leg,208.88290879211175,243.97370583401812,20.89071487263763,49.242399342645854,229.77362366474938,293.216105176664,542.7441564956598,5,False,None
IMG0002443.jpg,300,394,E:/FracAtlas/images/Fractured/IMG0002443.jpg,373,454,leg,226.78923582580114,208.53410024650785,33.57436318816764,55.58422350041084,260.3635990139688,264.1183237469187,521.103972820001,8,False,None
IMG0002443.jpg,300,395,E:/FracAtlas/images/Fractured/IMG0002443.jpg,373,454,leg,222.31265406737882,139.89317995069845,15.668036154478216,45.511914543960586,237.98069022185703,185.40509449465904,366.6306359712362,4,False,None
IMG0002444.jpg,301,396,E:/FracAtlas/images/Fractured/IMG0002444.jpg,373,454,leg,157.77526705012326,187.64338537387022,39.91618734593263,84.30895645028761,197.6914543960559,271.9523418241578,1055.2198888790613,12,False,None
IMG0002444.jpg,301,397,E:/FracAtlas/images/Fractured/IMG0002444.jpg,373,454,leg,155.16392769104354,142.8775677896467,28.351684470008223,47.37715694330322,183.51561216105176,190.2547247329499,541.422087396503,5,False,None
IMG0002445.jpg,302,398,E:/FracAtlas/images/Fractured/IMG0002445.jpg,454,373,hand,248.1479046836483,132.40427280197207,23.29334428923582,18.38948233360722,271.4412489728841,150.7937551355793,308.348075301349,5,False,None
IMG0002445.jpg,302,399,E:/FracAtlas/images/Fractured/IMG0002445.jpg,454,373,hand,268.06984387838946,167.6507806080526,19.615447822514398,30.34264585045193,287.68529170090386,197.99342645850453,461.6531960604666,6,False,None
IMG0002446.jpg,303,400,E:/FracAtlas/images/Fractured/IMG0002446.jpg,454,373,hand,240.48562037797862,113.09531635168447,29.729663105998355,10.727198027937547,270.215283483977,123.82251437962202,246.2557439154566,4,False,None
IMG0002446.jpg,303,401,E:/FracAtlas/images/Fractured/IMG0002446.jpg,454,373,hand,249.98685291700903,163.97288414133115,16.244042728019707,10.727198027937533,266.23089564502874,174.70008216926868,96.42629072256932,4,False,None
IMG0002446.jpg,303,402,E:/FracAtlas/images/Fractured/IMG0002446.jpg,454,373,hand,252.13229252259654,147.11585866885784,16.244042728019707,12.566146261298286,268.37633525061625,159.68200493015613,84.73113904701222,4,False,None
IMG0002447.jpg,304,403,E:/FracAtlas/images/Fractured/IMG0002447.jpg,373,454,leg,104.05628594905504,325.2982744453575,68.64092029580938,64.16433853738704,172.69720624486442,389.46261298274453,1241.3533015234052,8,False,None
IMG0002448.jpg,305,404,E:/FracAtlas/images/Fractured/IMG0002448.jpg,373,454,leg,99.95275267050121,228.3056696795399,74.60969597370584,62.299096138044376,174.56244864420705,290.6047658175843,1778.3916861174446,11,False,None
IMG0002449.jpg,306,405,E:/FracAtlas/images/Fractured/IMG0002449.jpg,373,454,leg,163.3709942481512,189.50862777321285,17.533278553820878,19.398520953163512,180.90427280197207,208.90714872637636,241.93864514556537,6,False,None
IMG0002450.jpg,307,406,E:/FracAtlas/images/Fractured/IMG0002450.jpg,373,454,hand,116.3668857847165,156.30731306491376,52.226787181594105,36.18570254724733,168.5936729663106,192.4930156121611,560.9052109630138,5,False,None
IMG0002451.jpg,308,407,E:/FracAtlas/images/Fractured/IMG0002451.jpg,373,454,leg,212.98644207066556,201.81922760887431,9.326211996713255,44.01972062448644,222.31265406737882,245.83894823336075,243.26071424472138,4,False,None
IMG0002452.jpg,309,408,E:/FracAtlas/images/Fractured/IMG0002452.jpg,373,454,leg,178.6659819227609,175.33278553820875,13.802793755135582,74.2366474938373,192.46877567789647,249.56943303204605,666.3924085588355,6,False,None
IMG0002453.jpg,310,409,E:/FracAtlas/images/Fractured/IMG0002453.jpg,373,454,leg,134.64626129827442,247.33114215283487,22.382908792111778,60.0608052588332,157.0291700903862,307.39194741166807,823.0923881009185,7,False,None
IMG0002453.jpg,310,410,E:/FracAtlas/images/Fractured/IMG0002453.jpg,373,454,leg,155.9100246507806,242.481511914544,37.304847986852934,44.7658175842235,193.21487263763353,287.2473294987675,783.9173932153972,7,False,None
IMG0002453.jpg,310,411,E:/FracAtlas/images/Fractured/IMG0002453.jpg,373,454,leg,157.40221857025472,170.48315529991785,29.470829909613798,64.53738701725555,186.87304847986852,235.0205423171734,757.7543415689402,8,False,None
IMG0002454.jpg,311,412,E:/FracAtlas/images/Fractured/IMG0002454.jpg,373,454,leg,197.69145439605586,221.96384552177486,49.242399342645825,73.86359901396881,246.93385373870169,295.82744453574367,1437.5066062876724,12,False,None
IMG0002454.jpg,311,413,E:/FracAtlas/images/Fractured/IMG0002454.jpg,373,454,leg,206.27156943303203,156.30731306491373,32.455217748562035,64.16433853738701,238.72678718159406,220.47165160230074,746.5515455181962,7,False,None
IMG0002455.jpg,312,414,E:/FracAtlas/images/Fractured/IMG0002455.jpg,373,454,leg,143.97247329498768,213.01068200493017,43.646672144617895,64.16433853738698,187.61914543960557,277.17502054231716,1100.9356466761963,10,False,None
IMG0002456.jpg,313,415,E:/FracAtlas/images/Fractured/IMG0002456.jpg,373,454,leg,183.14256368118322,194.73130649137224,17.160230073952334,18.652423993426453,200.30279375513555,213.3837304847987,252.23686760214935,6,False,None
IMG0002457.jpg,314,416,E:/FracAtlas/images/Fractured/IMG0002457.jpg,373,454,leg,89.88044371405094,170.1101068200493,21.26376335250616,39.91618734593263,111.1442070665571,210.02629416598194,339.4238455622858,6,False,None
IMG0002458.jpg,315,417,E:/FracAtlas/images/Fractured/IMG0002458.jpg,373,454,leg,165.98233360723088,270.46014790468365,21.263763352506174,55.95727198027936,187.24609695973706,326.417419884963,654.7025344189315,6,False,None
IMG0002458.jpg,315,418,E:/FracAtlas/images/Fractured/IMG0002458.jpg,373,454,leg,191.34963023829084,251.06162695152014,33.201314708299094,42.15447822514378,224.55094494658994,293.2161051766639,469.4736953687452,8,False,None
IMG0002458.jpg,315,419,E:/FracAtlas/images/Fractured/IMG0002458.jpg,373,454,leg,190.97658175842236,203.68447000821692,33.57436318816758,43.64667214461792,224.55094494658994,247.33114215283484,603.6289176410057,8,False,None
IMG0002459.jpg,316,420,E:/FracAtlas/images/Fractured/IMG0002459.jpg,373,454,leg,185.00780608052588,226.4404272801972,48.86935086277728,70.50616269515203,233.87715694330316,296.94658997534924,1403.2023922937783,15,False,None
IMG0002460.jpg,317,421,E:/FracAtlas/images/Fractured/IMG0002460.jpg,373,454,hand,63.020953163516836,316.3451109285127,23.875102711585868,31.33607230895649,86.8960558751027,347.6811832374692,528.2013964049434,6,False,None
IMG0002461.jpg,318,422,E:/FracAtlas/images/Fractured/IMG0002461.jpg,373,454,hand,59.29046836483154,193.98520953163518,24.621199671322927,32.82826622843055,83.91166803615447,226.81347576006573,477.0581970428517,7,False,None
IMG0002462.jpg,319,423,E:/FracAtlas/images/Fractured/IMG0002462.jpg,373,454,leg,142.48027937551356,193.23911257189812,17.53327855382085,21.63681183237469,160.0135579293344,214.8759244042728,260.3780299495835,6,False,None
IMG0002463.jpg,320,424,E:/FracAtlas/images/Fractured/IMG0002463.jpg,373,454,hand,79.80813475760064,68.26787181594084,25.367296631059986,15.66803615447823,105.17543138866063,83.93590797041907,231.8491704414792,5,False,None
IMG0002463.jpg,320,425,E:/FracAtlas/images/Fractured/IMG0002463.jpg,373,454,hand,292.8188167625308,107.06491372226787,23.502054231717352,20.14461791290057,316.32087099424814,127.20953163516845,263.78757657372387,6,False,None
IMG0002464.jpg,321,426,E:/FracAtlas/images/Fractured/IMG0002464.jpg,454,373,hand,105.32292522596548,35.24650780608053,32.18159408381264,29.11668036154478,137.50451930977812,64.36318816762531,299.8937487888986,5,False,None
IMG0002465.jpg,322,427,E:/FracAtlas/images/Fractured/IMG0002465.jpg,373,454,hand,159.26746096959735,94.75431388660641,11.564502875924404,19.025472473294982,170.83196384552176,113.7797863599014,149.32422562047282,5,False,None
IMG0002466.jpg,323,428,E:/FracAtlas/images/Fractured/IMG0002466.jpg,454,373,hand,352.96795398520953,102.98110106820049,16.857025472473254,45.97370583401808,369.8249794576828,148.95480690221856,395.38066989897106,6,False,None
IMG0002467.jpg,324,429,E:/FracAtlas/images/Fractured/IMG0002467.jpg,373,454,hand,70.48192276088741,158.5456039441249,19.398520953163526,23.502054231717324,89.88044371405094,182.04765817584223,233.72790021396406,7,False,None
IMG0002467.jpg,324,430,E:/FracAtlas/images/Fractured/IMG0002467.jpg,373,454,hand,270.80895645028755,137.28184059161873,19.025472473294997,13.429745275267067,289.83442892358255,150.7115858668858,171.5906525536276,4,False,None
IMG0002468.jpg,325,431,E:/FracAtlas/images/Fractured/IMG0002468.jpg,454,373,hand,136.58504519309776,136.3886606409203,33.71405094494659,16.857025472473282,170.29909613804435,153.2456861133936,285.7562361208544,5,False,None
IMG0002469.jpg,326,432,E:/FracAtlas/images/Fractured/IMG0002469.jpg,454,373,hand,256.42317173377154,148.64831552999178,34.94001643385377,25.74527526705012,291.3631881676253,174.3935907970419,491.57211821841963,7,False,None
IMG0002470.jpg,327,433,E:/FracAtlas/images/Fractured/IMG0002470.jpg,373,454,hand,132.03492193919473,276.80197206244867,31.709120788824976,28.351684470008195,163.7440427280197,305.15365653245686,531.6109430290812,5,False,None
IMG0002471.jpg,328,434,E:/FracAtlas/images/Fractured/IMG0002471.jpg,373,454,leg,173.81635168447,346.1889893179951,15.2949876746097,24.621199671322927,189.1113393590797,370.810188989318,202.06782441838448,4,False,None
IMG0002471.jpg,328,435,E:/FracAtlas/images/Fractured/IMG0002471.jpg,373,454,leg,183.65412004069177,295.68056968463884,39.083418107833154,50.087487283825055,222.73753814852492,345.7680569684639,1307.4358545942255,7,False,None
IMG0002471.jpg,328,436,E:/FracAtlas/images/Fractured/IMG0002471.jpg,373,454,leg,166.1993896236012,398.5116988809766,25.802644964394716,24.28484231943031,192.00203458799592,422.7965412004069,379.39468937346805,5,False,None
IMG0002472.jpg,329,437,E:/FracAtlas/images/Fractured/IMG0002472.jpg,373,454,leg,180.90427280197204,243.60065735414955,41.40838126540672,58.195562859490536,222.31265406737876,301.7962202136401,1216.790649312768,9,False,None
IMG0002473.jpg,330,438,E:/FracAtlas/images/Fractured/IMG0002473.jpg,373,454,leg,168.59367296631058,212.26458504519312,17.906327033689422,24.248151191454383,186.5,236.5127362366475,294.1951658543144,5,False,None
IMG0002473.jpg,330,439,E:/FracAtlas/images/Fractured/IMG0002473.jpg,373,454,leg,186.12695152013146,179.43631881676254,33.94741166803615,20.14461791290057,220.0743631881676,199.5809367296631,389.87121908271547,8,False,None
IMG0002474.jpg,331,440,E:/FracAtlas/images/Fractured/IMG0002474.jpg,373,454,leg,138.37674609695972,300.30402629416596,22.755957271980293,42.90057518488089,161.13270336894,343.20460147904686,602.0285182051855,6,False,None
IMG0002474.jpg,331,441,E:/FracAtlas/images/Fractured/IMG0002474.jpg,373,454,leg,171.95110928512736,276.4289235825801,15.2949876746097,42.52752670501235,187.24609695973706,318.9564502875925,386.60083762690783,6,False,None
IMG0002474.jpg,331,442,E:/FracAtlas/images/Fractured/IMG0002474.jpg,373,454,leg,150.68734593262118,224.57518488085458,33.201314708299094,44.7658175842235,183.88866064092028,269.3410024650781,757.0585157272781,5,False,None
IMG0002475.jpg,332,443,E:/FracAtlas/images/Fractured/IMG0002475.jpg,373,454,leg,139.12284305669678,280.9055053410025,42.900575184880864,70.506162695152,182.02341824157764,351.4116680361545,1550.7174707259326,9,False,None
IMG0002475.jpg,332,444,E:/FracAtlas/images/Fractured/IMG0002475.jpg,373,454,leg,143.22637633525062,205.17666392769104,30.216926869350857,71.25225965488909,173.44330320460148,276.4289235825801,854.5437161439986,4,False,None
IMG0002476.jpg,333,445,E:/FracAtlas/images/Fractured/IMG0002476.jpg,373,454,leg,160.0135579293344,171.22925225965488,44.392769104354954,114.5258833196385,204.40632703368937,285.7551355792934,1428.1129574252457,8,False,None
IMG0002476.jpg,333,446,E:/FracAtlas/images/Fractured/IMG0002476.jpg,373,454,leg,197.31840591618732,246.95809367296633,20.14461791290057,59.31470829909611,217.4630238290879,306.27280197206244,691.5813040269677,6,False,None
IMG0002477.jpg,334,447,E:/FracAtlas/images/Fractured/IMG0002477.jpg,373,454,leg,151.06039441248973,141.7584223500411,51.10764174198846,106.69186524239936,202.1680361544782,248.45028759244045,1989.9923245665834,13,False,None
IMG0002478.jpg,335,448,E:/FracAtlas/images/Fractured/IMG0002478.jpg,373,454,hand,126.43919474116679,150.33853738701725,28.724732949876753,26.48644207066559,155.16392769104354,176.82497945768284,552.3465531105835,6,False,None
IMG0002479.jpg,336,449,E:/FracAtlas/images/Fractured/IMG0002479.jpg,373,454,hand,79.43508627773211,265.23746918652427,22.755957271980293,31.709120788824976,102.1910435497124,296.94658997534924,497.5850593718544,5,False,None
IMG0002480.jpg,337,450,E:/FracAtlas/images/Fractured/IMG0002480.jpg,454,373,hand,168.7666392769104,112.78882497945769,34.94001643385374,19.00246507806081,203.70665571076415,131.7912900575185,413.9801882263657,6,False,None
IMG0002481.jpg,338,451,E:/FracAtlas/images/Fractured/IMG0002481.jpg,373,454,hand,185.75390304026294,280.53245686113394,19.771569433032028,17.533278553820878,205.52547247329497,298.0657354149548,272.13748667365644,5,False,None
IMG0002482.jpg,339,452,E:/FracAtlas/images/Fractured/IMG0002482.jpg,373,454,hand,225.297041906327,241.36236647493837,17.906327033689422,18.279375513557966,243.20336894001642,259.64174198849634,202.34615475504916,6,False,None
IMG0002483.jpg,340,453,E:/FracAtlas/images/Fractured/IMG0002483.jpg,373,454,hand,178.29293344289235,148.84634346754314,14.921939194741157,18.279375513557937,193.2148726376335,167.12571898110107,217.79348843992454,4,False,None
IMG0002483.jpg,340,454,E:/FracAtlas/images/Fractured/IMG0002483.jpg,373,454,hand,196.9453574363188,150.7115858668858,18.27937551355791,19.771569433032028,215.2247329498767,170.48315529991783,285.63650800188157,5,False,None
IMG0002484.jpg,341,455,E:/FracAtlas/images/Fractured/IMG0002484.jpg,373,454,hand,201.42193919474113,170.1101068200493,18.65242399342648,22.009860312243205,220.0743631881676,192.11996713229252,276.93868498111885,5,False,None
IMG0002484.jpg,341,456,E:/FracAtlas/images/Fractured/IMG0002484.jpg,373,454,hand,218.5821692686935,172.3483976992605,18.652423993426453,19.771569433032028,237.23459326211994,192.11996713229252,316.80950570830015,4,False,None
IMG0002485.jpg,342,457,E:/FracAtlas/images/Fractured/IMG0002485.jpg,373,454,hand,164.8631881676253,229.0517666392769,30.963023829087888,15.2949876746097,195.8262119967132,244.3467543138866,239.85116762058192,4,False,None
IMG0002486.jpg,343,458,E:/FracAtlas/images/Fractured/IMG0002486.jpg,454,373,hand,213.82087099424814,149.26129827444535,15.631059983566132,18.08299096138046,229.45193097781427,167.3442892358258,213.28387051689697,7,False,None
IMG0002486.jpg,343,459,E:/FracAtlas/images/Fractured/IMG0002486.jpg,454,373,hand,236.50123253903038,148.341824157765,11.340180772391136,12.566146261298286,247.84141331142152,160.90797041906328,115.16671449183707,5,False,None
IMG0002487.jpg,344,460,E:/FracAtlas/images/Fractured/IMG0002487.jpg,454,373,hand,240.17912900575183,136.08216926869352,20.53492193919473,13.792111750205407,260.71405094494656,149.87428101889893,237.75444892238067,5,False,None
IMG0002488.jpg,345,461,E:/FracAtlas/images/Fractured/IMG0002488.jpg,373,454,hand,168.22062448644206,195.4774034511093,17.906327033689394,18.279375513557937,186.12695152013146,213.75677896466723,181.05388400021934,4,False,None
IMG0002489.jpg,346,462,E:/FracAtlas/images/Fractured/IMG0002489.jpg,373,454,leg,73.09326211996712,151.0846343467543,55.95727198027937,113.77978635990141,129.0505341002465,264.8644207066557,1464.1567360232928,10,False,None
IMG0002490.jpg,347,463,E:/FracAtlas/images/Fractured/IMG0002490.jpg,373,454,leg,52.94864420706654,183.9129005751849,89.90468364831554,101.0961380443714,142.85332785538208,285.0090386195563,1581.8208858481828,15,False,None
IMG0002491.jpg,348,464,E:/FracAtlas/images/Fractured/IMG0002491.jpg,454,373,hand,126.164338537387,104.20706655710764,18.082990961380446,18.389482333607233,144.24732949876744,122.59654889071487,201.35387643821548,4,False,None
IMG0002492.jpg,349,465,E:/FracAtlas/images/Fractured/IMG0002492.jpg,373,454,hand,247.67995069843874,193.61216105176663,17.160230073952334,31.709120788825004,264.8401807723911,225.32128184059164,267.9625316236902,6,False,None
IMG0002493.jpg,350,466,E:/FracAtlas/images/Fractured/IMG0002493.jpg,373,454,hand,222.6857025472473,132.05916187345932,33.94741166803615,26.113393590797045,256.63311421528346,158.17255546425636,478.6585964786718,8,False,None
IMG0002494.jpg,351,467,E:/FracAtlas/images/Fractured/IMG0002494.jpg,454,373,hand,336.7239112571898,149.87428101889893,30.34264585045196,16.550534100246523,367.06655710764176,166.42481511914545,265.8885688165942,6,False,None
IMG0002495.jpg,352,468,E:/FracAtlas/images/Fractured/IMG0002495.jpg,373,454,hand,158.14831552999178,190.25472473294988,11.564502875924404,15.668036154478216,169.71281840591618,205.9227608874281,135.68603912391472,4,False,None
IMG0002496.jpg,353,469,E:/FracAtlas/images/Fractured/IMG0002496.jpg,373,454,hand,150.68734593262118,158.17255546425636,12.683648315530007,18.65242399342648,163.3709942481512,176.82497945768284,162.8232469486984,5,False,None
IMG0002497.jpg,354,470,E:/FracAtlas/images/Fractured/IMG0002497.jpg,373,454,hand,204.03327855382085,275.30977814297455,8.580115036976167,32.455217748562006,212.61339359079702,307.76499589153656,171.38190480112894,4,False,None
IMG0002498.jpg,355,471,E:/FracAtlas/images/Fractured/IMG0002498.jpg,373,454,hand,145.8377156943303,282.77074774034514,13.802793755135582,22.38290879211172,159.6405094494659,305.15365653245686,163.03199470119625,6,False,None
IMG0002499.jpg,356,472,E:/FracAtlas/images/Fractured/IMG0002499.jpg,454,373,hand,127.08381265406736,127.80690221857026,20.841413311421533,26.66474938373048,147.9252259654889,154.47165160230074,200.36753834509636,6,False,None
IMG0002500.jpg,357,473,E:/FracAtlas/images/Fractured/IMG0002500.jpg,373,454,hand,110.39811010682004,213.75677896466723,18.279375513557937,17.906327033689394,128.67748562037798,231.66310599835663,242.70405357139236,5,False,None
IMG0002501.jpg,358,474,E:/FracAtlas/images/Fractured/IMG0002501.jpg,373,454,hand,129.0505341002465,219.72555464256368,33.201314708299094,22.009860312243234,162.2518488085456,241.7354149548069,485.12977680612084,6,False,None
IMG0002502.jpg,359,475,E:/FracAtlas/images/Fractured/IMG0002502.jpg,454,373,hand,98.58011503697615,137.61462612982746,18.082990961380446,23.29334428923582,116.6631059983566,160.90797041906328,264.2446719947283,5,False,None
IMG0002503.jpg,360,476,E:/FracAtlas/images/Fractured/IMG0002503.jpg,373,454,hand,107.78677074774033,282.39769926047666,28.724732949876753,42.900575184880836,136.5115036976171,325.2982744453575,674.3248231537751,9,False,None
IMG0002504.jpg,361,477,E:/FracAtlas/images/Fractured/IMG0002504.jpg,373,454,hand,66.75143796220212,199.5809367296631,30.96302382908793,35.43960558751027,97.71446179129005,235.02054231717338,668.1319731629906,7,False,None
IMG0002505.jpg,362,478,E:/FracAtlas/images/Fractured/IMG0002505.jpg,373,454,hand,75.70460147904683,193.61216105176663,26.85949055053409,15.668036154478244,102.56409202958092,209.28019720624488,193.16125364512206,6,False,None
IMG0002505.jpg,362,479,E:/FracAtlas/images/Fractured/IMG0002505.jpg,373,454,hand,264.8401807723911,183.53985209531635,20.14461791290057,11.937551355792948,284.98479868529165,195.4774034511093,180.21889299022587,5,False,None
IMG0002506.jpg,363,480,E:/FracAtlas/images/Fractured/IMG0002506.jpg,373,454,leg,159.6405094494659,265.9835661462613,22.38290879211175,39.17009038619557,182.02341824157764,305.15365653245686,628.6090653566393,6,False,None
IMG0002506.jpg,363,481,E:/FracAtlas/images/Fractured/IMG0002506.jpg,373,454,leg,176.42769104354971,184.2859490550534,32.82826622843055,92.88907148726375,209.25595727198026,277.17502054231716,1195.6375437262686,8,False,None
IMG0002507.jpg,364,482,E:/FracAtlas/images/Fractured/IMG0002507.jpg,373,454,leg,181.27732128184059,219.35250616269516,27.605587510271135,115.64502875924401,208.88290879211172,334.9975349219392,1107.47640958781,9,False,None
IMG0002508.jpg,365,483,E:/FracAtlas/images/Fractured/IMG0002508.jpg,373,454,hand,98.46055875102711,182.04765817584223,16.414133114215275,22.38290879211175,114.87469186524238,204.43056696795398,236.71995133310702,6,False,None
IMG0002508.jpg,365,484,E:/FracAtlas/images/Fractured/IMG0002508.jpg,373,454,hand,110.77115858668857,185.03204601479047,12.310599835661463,22.38290879211175,123.08175842235003,207.41495480690222,192.88292330845775,6,False,None
IMG0002508.jpg,365,485,E:/FracAtlas/images/Fractured/IMG0002508.jpg,373,454,hand,273.7933442892358,207.41495480690222,15.294987674609729,14.921939194741185,289.0883319638455,222.3368940016434,134.0160571039288,4,False,None
IMG0002508.jpg,365,486,E:/FracAtlas/images/Fractured/IMG0002508.jpg,373,454,hand,289.461380443714,213.75677896466723,14.175842235004154,19.02547247329497,303.63722267871816,232.7822514379622,119.19496667654732,4,False,None
IMG0002509.jpg,366,487,E:/FracAtlas/images/Fractured/IMG0002509.jpg,454,373,hip,121.26047658175841,279.8266228430567,32.181594083812655,29.729663105998327,153.44207066557107,309.55628594905505,549.2963809062115,8,False,None
IMG0002510.jpg,367,488,E:/FracAtlas/images/Fractured/IMG0002510.jpg,373,454,leg,150.31429745275267,182.04765817584223,38.050944946589965,26.48644207066559,188.36524239934263,208.53410024650782,477.40610996368196,9,False,None
IMG0002511.jpg,368,489,E:/FracAtlas/images/Fractured/IMG0002511.jpg,373,454,leg,148.82210353327855,117.88331963845522,37.67789646672145,24.24815119145441,186.5,142.13147082990963,455.9746740405207,8,False,None
IMG0002512.jpg,369,490,E:/FracAtlas/images/Fractured/IMG0002512.jpg,373,454,hand,229.77362366474935,88.41248972884142,37.67789646672148,17.906327033689394,267.45152013147083,106.31881676253082,373.240981467015,5,False,None
IMG0002513.jpg,370,491,E:/FracAtlas/images/Fractured/IMG0002513.jpg,373,454,leg,66.75143796220212,258.5225965488907,26.113393590797045,23.502054231717352,92.86483155299916,282.02465078060806,464.0462538037892,5,False,None
IMG0002513.jpg,370,492,E:/FracAtlas/images/Fractured/IMG0002513.jpg,373,454,leg,253.64872637633522,264.4913722267872,35.4396055875103,35.81265406737879,289.0883319638455,300.30402629416596,508.57910767009844,5,False,None
IMG0002514.jpg,371,493,E:/FracAtlas/images/Fractured/IMG0002514.jpg,373,454,leg,157.40221857025472,240.2432210353328,32.82826622843058,34.69350862777321,190.2304847986853,274.936729663106,536.5513065048763,7,False,None
IMG0002514.jpg,371,494,E:/FracAtlas/images/Fractured/IMG0002514.jpg,373,454,leg,192.46877567789645,248.0772391125719,13.802793755135582,27.23253903040265,206.27156943303203,275.30977814297455,289.0460546260218,4,False,None
IMG0002515.jpg,372,495,E:/FracAtlas/images/Fractured/IMG0002515.jpg,373,454,leg,139.49589153656532,211.51848808545606,39.17009038619557,39.17009038619557,178.6659819227609,250.68857847165162,704.8019950185305,8,False,None
IMG0002516.jpg,373,496,E:/FracAtlas/images/Fractured/IMG0002516.jpg,373,454,hand,191.34963023829084,135.7896466721446,57.449465899753505,25.367296631059986,248.79909613804435,161.1569433032046,549.1457542389417,7,False,None
IMG0002517.jpg,374,497,E:/FracAtlas/images/Fractured/IMG0002517.jpg,454,373,hand,92.14379622021363,137.00164338537388,28.503697617091206,35.24650780608053,120.64749383730484,172.2481511914544,634.8259841238439,7,False,None
IMG0002518.jpg,375,498,E:/FracAtlas/images/Fractured/IMG0002518.jpg,373,454,hand,191.34963023829084,130.19391947411668,58.56861133935908,25.367296631059986,249.91824157764992,155.56121610517667,513.3107233933954,8,False,None
IMG0002519.jpg,376,499,E:/FracAtlas/images/Fractured/IMG0002519.jpg,373,454,hand,133.52711585866885,160.03779786359902,28.351684470008223,51.85373870172555,161.87880032867707,211.89153656532457,699.8616315427371,9,False,None
IMG0002520.jpg,377,500,E:/FracAtlas/images/Fractured/IMG0002520.jpg,373,454,leg,201.0488907148726,207.0419063270337,36.93179950698439,65.28348397699261,237.980690221857,272.3253903040263,1408.0035906012413,11,False,None
IMG0002520.jpg,377,501,E:/FracAtlas/images/Fractured/IMG0002520.jpg,373,454,leg,227.53533278553817,176.82497945768284,26.48644207066559,32.82826622843055,254.02177485620376,209.6532456861134,558.6785682696982,5,False,None
IMG0002521.jpg,378,502,E:/FracAtlas/images/Fractured/IMG0002521.jpg,373,454,leg,155.53697617091208,144.74281018898932,22.38290879211175,26.48644207066556,177.91988496302383,171.22925225965488,255.85516197878678,7,False,None
IMG0002521.jpg,378,503,E:/FracAtlas/images/Fractured/IMG0002521.jpg,373,454,leg,165.23623664749383,167.4987674609696,27.23253903040262,55.21117502054233,192.46877567789645,222.70994248151192,890.1004166528801,8,False,None
IMG0002522.jpg,379,504,E:/FracAtlas/images/Fractured/IMG0002522.jpg,373,454,leg,138.37674609695972,224.9482333607231,38.42399342645851,68.26787181594082,176.80073952341823,293.2161051766639,1605.6877122171586,10,False,None
IMG0002523.jpg,380,505,E:/FracAtlas/images/Fractured/IMG0002523.jpg,373,454,leg,195.08011503697614,231.66310599835663,46.25801150369762,33.201314708299094,241.33812654067376,264.8644207066557,759.5634887572598,7,False,None
IMG0002523.jpg,380,506,E:/FracAtlas/images/Fractured/IMG0002523.jpg,373,454,leg,219.32826622843055,277.5480690221857,35.06655710764173,24.621199671322927,254.39482333607228,302.1692686935086,358.5590562079657,7,False,None
IMG0002524.jpg,381,507,E:/FracAtlas/images/Fractured/IMG0002524.jpg,373,454,hand,162.99794576828265,156.68036154478224,16.78718159408382,27.978635990139708,179.78512736236647,184.65899753492195,247.36608671052272,4,False,None
IMG0002524.jpg,381,508,E:/FracAtlas/images/Fractured/IMG0002524.jpg,373,454,hand,185.00780608052588,180.92851273623666,17.160230073952306,19.771569433032056,202.1680361544782,200.7000821692687,243.60862716555175,6,False,None
IMG0002525.jpg,382,509,E:/FracAtlas/images/Fractured/IMG0002525.jpg,373,454,hand,187.99219391947412,155.18816762530815,22.38290879211172,42.900575184880836,210.37510271158584,198.088742810189,609.0563592059598,9,False,None
IMG0002526.jpg,383,510,E:/FracAtlas/images/Fractured/IMG0002526.jpg,373,454,leg,173.07025472473293,262.99917830731306,19.02547247329497,40.66228430566969,192.0957271980279,303.66146261298275,552.9032137839113,5,False,None
IMG0002526.jpg,383,511,E:/FracAtlas/images/Fractured/IMG0002526.jpg,373,454,leg,191.7226787181594,245.09285127362367,36.93179950698439,45.138866064092014,228.65447822514378,290.2317173377157,506.5612127292809,6,False,None
IMG0002526.jpg,383,512,E:/FracAtlas/images/Fractured/IMG0002526.jpg,373,454,leg,195.45316351684468,178.69022185702548,34.69350862777321,62.67214461791289,230.1466721446179,241.36236647493837,1243.8582745533859,7,False,None
IMG0002527.jpg,384,513,E:/FracAtlas/images/Fractured/IMG0002527.jpg,373,454,leg,181.6503697617091,267.84880854560396,32.455217748562035,40.28923582580114,214.10558751027114,308.1380443714051,587.1378451936387,7,False,None
IMG0002528.jpg,385,514,E:/FracAtlas/images/Fractured/IMG0002528.jpg,373,454,leg,189.48438783894824,188.38948233360725,28.72473294987671,49.61544782251437,218.20912078882495,238.00493015612162,738.7582960915925,7,False,None
IMG0002529.jpg,386,515,E:/FracAtlas/images/Fractured/IMG0002529.jpg,454,373,hand,152.21610517666392,145.27691043549711,20.228430566967944,17.163516844700098,172.44453574363186,162.4404272801972,217.69890769562141,7,False,None
IMG0002530.jpg,387,516,E:/FracAtlas/images/Fractured/IMG0002530.jpg,454,373,hand,172.75102711585865,135.46918652423994,21.76088742810191,19.61544782251437,194.51191454396056,155.0846343467543,258.23270647476284,7,False,None
IMG0002531.jpg,388,517,E:/FracAtlas/images/Fractured/IMG0002531.jpg,373,454,hand,120.84346754313886,183.9129005751849,29.843878389482327,22.38290879211175,150.68734593262118,206.29580936729664,446.2331122572647,6,False,None
IMG0002532.jpg,389,518,E:/FracAtlas/images/Fractured/IMG0002532.jpg,373,454,hand,139.86894001643384,268.96795398520953,19.025472473294997,22.755957271980265,158.89441248972884,291.7239112571898,277.77367599111165,5,False,None
IMG0002533.jpg,390,519,E:/FracAtlas/images/Fractured/IMG0002533.jpg,373,454,leg,183.88866064092028,218.23336072308956,23.12900575184881,21.63681183237469,207.0176663927691,239.87017255546425,326.82939782821927,5,False,None
IMG0002534.jpg,391,520,E:/FracAtlas/images/Fractured/IMG0002534.jpg,373,454,leg,171.2050123253903,242.10846343467543,29.843878389482313,25.74034511092853,201.0488907148726,267.84880854560396,343.73796578058466,7,False,None
IMG0002535.jpg,392,521,E:/FracAtlas/images/Fractured/IMG0002535.jpg,373,454,leg,177.5468364831553,143.99671322925226,22.38290879211172,105.19967132292524,199.929745275267,249.1963845521775,1275.518350348968,5,False,None
IMG0002536.jpg,393,522,E:/FracAtlas/images/Fractured/IMG0002536.jpg,373,454,leg,225.67009038619554,198.83483976992605,17.160230073952334,124.22514379622024,242.83032046014787,323.0599835661463,948.7585351049156,6,False,None
IMG0002537.jpg,394,523,E:/FracAtlas/images/Fractured/IMG0002537.jpg,373,454,leg,45.114626129827435,246.58504519309778,30.963023829087923,48.12325390304025,76.07764995891536,294.70829909613803,752.3269000039834,6,False,None
IMG0002537.jpg,394,524,E:/FracAtlas/images/Fractured/IMG0002537.jpg,373,454,leg,71.97411668036153,200.7000821692687,47.377156943303206,38.797041906327024,119.35127362366474,239.49712407559574,1214.285676282789,7,False,None
IMG0002537.jpg,394,525,E:/FracAtlas/images/Fractured/IMG0002537.jpg,373,454,leg,227.53533278553817,200.7000821692687,62.67214461791292,44.01972062448644,290.2074774034511,244.71980279375515,1703.8687384755412,13,False,None
IMG0002538.jpg,395,526,E:/FracAtlas/images/Fractured/IMG0002538.jpg,373,454,leg,149.19515201314707,235.76663927691044,13.429745275267067,19.025472473294997,162.62489728841413,254.79211175020544,190.51711544680956,4,False,None
IMG0002539.jpg,396,527,E:/FracAtlas/images/Fractured/IMG0002539.jpg,373,454,leg,201.0488907148726,257.7764995891537,21.263763352506146,17.533278553820878,222.31265406737876,275.30977814297455,259.2647086029274,5,False,None
IMG0002540.jpg,397,528,E:/FracAtlas/images/Fractured/IMG0002540.jpg,373,454,leg,77.19679539852095,99.23089564502877,57.44946589975348,50.73459326211997,134.64626129827442,149.96548890714874,1438.5503450501626,9,False,None
IMG0002541.jpg,398,529,E:/FracAtlas/images/Fractured/IMG0002541.jpg,373,454,leg,76.45069843878389,138.0279375513558,42.15447822514379,43.27362366474938,118.60517666392768,181.30156121610517,881.9592543054465,6,False,None
IMG0002542.jpg,399,530,E:/FracAtlas/images/Fractured/IMG0002542.jpg,373,454,leg,71.97411668036153,142.8775677896467,55.58422350041084,47.004108463434676,127.55834018077238,189.88167625308137,882.237584642111,8,False,None
IMG0002543.jpg,400,531,E:/FracAtlas/images/Fractured/IMG0002543.jpg,373,454,leg,128.67748562037798,113.40673788003286,44.01972062448644,49.6154478225144,172.69720624486442,163.02218570254726,938.4603126483275,8,False,None
IMG0002544.jpg,401,532,E:/FracAtlas/images/Fractured/IMG0002544.jpg,373,454,hip,154.04478225143797,242.10846343467543,45.884963023829044,47.004108463434676,199.929745275267,289.1125718981101,1232.7946436709735,8,False,None
IMG0002545.jpg,402,533,E:/FracAtlas/images/Fractured/IMG0002545.jpg,373,454,leg,144.3455217748562,133.92440427280198,75.35579293344287,95.50041084634347,219.70131470829907,229.42481511914545,2719.0090588749226,9,False,None
IMG0002546.jpg,403,534,E:/FracAtlas/images/Fractured/IMG0002546.jpg,373,454,hand,80.18118323746917,319.32949876746096,16.04108463434676,28.72473294987674,96.22226787181593,348.0542317173377,287.7239855268663,5,False,None
IMG0002547.jpg,404,535,E:/FracAtlas/images/Fractured/IMG0002547.jpg,373,454,hand,97.34141331142152,279.41331142152836,14.92193919474117,22.755957271980265,112.26335250616269,302.1692686935086,215.77559349910774,5,False,None
IMG0002548.jpg,405,536,E:/FracAtlas/images/Fractured/IMG0002548.jpg,373,454,hand,129.42358258011504,242.48151191454397,18.652423993426453,24.6211996713229,148.0760065735415,267.10271158586687,342.9725573547569,6,False,None
IMG0002549.jpg,406,537,E:/FracAtlas/images/Fractured/IMG0002549.jpg,454,373,leg,47.3960558751027,194.31552999178308,69.5735414954807,26.66474938373048,116.96959737058339,220.98027937551356,844.9159979582587,11,False,None
IMG0002550.jpg,407,538,E:/FracAtlas/images/Fractured/IMG0002550.jpg,373,454,hip,91.74568611339357,45.88496302382909,54.8381265406738,71.99835661462613,146.58381265406737,117.88331963845522,1784.236623187397,12,False,None
IMG0002551.jpg,408,539,E:/FracAtlas/images/Fractured/IMG0002551.jpg,454,373,hand,216.885784716516,126.27444535743632,12.25965488907147,15.93755135579292,229.14543960558748,142.21199671322924,149.78248471226198,6,False,None
IMG0002551.jpg,408,540,E:/FracAtlas/images/Fractured/IMG0002551.jpg,454,373,hand,233.12982744453572,132.09778142974528,11.340180772391136,11.340180772391108,244.47000821692686,143.4379622021364,101.26404422691667,6,False,None
IMG0002552.jpg,409,541,E:/FracAtlas/images/Fractured/IMG0002552.jpg,454,373,hand,193.5924404272802,100.5291700903862,14.098603122432195,20.53492193919473,207.6910435497124,121.06409202958093,199.6630111357249,5,False,None
IMG0002553.jpg,410,542,E:/FracAtlas/images/Fractured/IMG0002553.jpg,454,373,hand,268.37633525061625,95.6253081347576,21.147904683648335,25.43878389482333,289.5242399342646,121.06409202958093,298.8134737345299,7,False,None
IMG0002556.jpg,411,543,E:/FracAtlas/images/Fractured/IMG0002556.jpg,373,454,leg,251.03738701725553,253.67296631059983,33.201314708299094,24.621199671322955,284.2387017255546,278.2941659819228,455.2092656146933,6,False,None
IMG0002557.jpg,412,544,E:/FracAtlas/images/Fractured/IMG0002557.jpg,373,454,leg,171.57806080525881,216.74116680361544,17.906327033689422,22.38290879211175,189.48438783894824,239.1240755957272,298.9267815776093,4,False,None
IMG0002558.jpg,413,545,E:/FracAtlas/images/Fractured/IMG0002558.jpg,373,454,leg,139.49589153656532,231.66310599835663,22.755957271980265,27.605587510271164,162.2518488085456,259.2686935086278,364.47357586208454,5,False,None
IMG0002559.jpg,414,546,E:/FracAtlas/images/Fractured/IMG0002559.jpg,373,454,leg,227.53533278553817,252.1807723911257,31.709120788824976,51.853738701725575,259.24445357436315,304.0345110928513,1149.9217859291357,7,False,None
IMG0002560.jpg,415,547,E:/FracAtlas/images/Fractured/IMG0002560.jpg,373,454,hand,36.53451109285126,102.21528348397699,16.414133114215282,16.78718159408382,52.94864420706654,119.00246507806081,170.12941828613953,5,False,None
IMG0002560.jpg,415,548,E:/FracAtlas/images/Fractured/IMG0002560.jpg,373,454,hand,55.93303204601478,117.13722267871816,24.62119967132292,15.2949876746097,80.5542317173377,132.43221035332786,289.74188046768296,4,False,None
IMG0002560.jpg,415,549,E:/FracAtlas/images/Fractured/IMG0002560.jpg,373,454,hand,251.03738701725553,135.7896466721446,26.859490550534076,11.937551355792948,277.8968775677896,147.72719802793756,213.27062046912783,6,False,None
IMG0002560.jpg,415,550,E:/FracAtlas/images/Fractured/IMG0002560.jpg,373,454,hand,292.44576828266224,125.71733771569433,10.072308956450286,13.429745275267067,302.51807723911253,139.1470829909614,96.92853974339232,5,False,None
IMG0002561.jpg,416,551,E:/FracAtlas/images/Fractured/IMG0002561.jpg,373,454,hand,80.5542317173377,267.84880854560396,14.92193919474117,17.160230073952334,95.47617091207887,285.0090386195563,129.21485879646676,6,False,None
IMG0002561.jpg,416,552,E:/FracAtlas/images/Fractured/IMG0002561.jpg,373,454,hand,258.1253081347576,239.87017255546425,14.548890714872641,16.04108463434676,272.6741988496302,255.911257189811,192.882923308459,4,False,None
IMG0002562.jpg,417,553,E:/FracAtlas/images/Fractured/IMG0002562.jpg,373,454,leg,262.9749383730485,140.26622843056697,35.43960558751024,31.709120788824976,298.4145439605587,171.97534921939194,552.2769705264177,6,False,None
IMG0002562.jpg,417,554,E:/FracAtlas/images/Fractured/IMG0002562.jpg,373,454,leg,79.43508627773211,45.13886606409203,30.96302382908793,16.41413311421529,110.39811010682004,61.55299917830732,339.563010730618,4,False,None
IMG0002563.jpg,418,555,E:/FracAtlas/images/Fractured/IMG0002563.jpg,373,454,leg,287.22308956450286,141.7584223500411,38.05094494658999,14.921939194741157,325.27403451109285,156.68036154478224,420.97463420496683,5,False,None
IMG0002563.jpg,418,556,E:/FracAtlas/images/Fractured/IMG0002563.jpg,373,454,leg,90.99958915365652,297.6926869350863,31.33607230895646,19.025472473294997,122.33566146261298,316.71815940838127,465.0899925662808,4,False,None
IMG0002564.jpg,419,557,E:/FracAtlas/images/Fractured/IMG0002564.jpg,373,454,hand,92.86483155299916,238.00493015612162,32.82826622843058,23.502054231717324,125.69309778142974,261.50698438783894,568.14179971629,6,False,None
IMG0002564.jpg,419,558,E:/FracAtlas/images/Fractured/IMG0002564.jpg,373,454,hand,277.15078060805257,141.38537387017257,18.27937551355791,19.398520953163512,295.4301561216105,160.78389482333608,255.99432714711884,5,False,None
IMG0002565.jpg,420,559,E:/FracAtlas/images/Fractured/IMG0002565.jpg,373,454,hand,74.21240755957271,216.74116680361544,31.709120788824976,46.25801150369762,105.92152834839769,262.99917830731306,452.7042925847136,10,False,None
IMG0002565.jpg,420,560,E:/FracAtlas/images/Fractured/IMG0002565.jpg,373,454,hand,290.2074774034511,203.3114215283484,27.23253903040262,21.63681183237469,317.4400164338537,224.9482333607231,365.44773204041076,7,False,None
IMG0002566.jpg,421,561,E:/FracAtlas/images/Fractured/IMG0002566.jpg,454,373,hand,79.27115858668856,118.91865242399342,27.584223500410857,26.358258011503693,106.85538208709941,145.27691043549711,378.70685927719376,9,False,None
IMG0002566.jpg,421,562,E:/FracAtlas/images/Fractured/IMG0002566.jpg,454,373,hand,335.80443714050944,132.40427280197207,21.76088742810191,28.810188989317993,357.56532456861135,161.21446179129006,334.7443614124468,8,False,None
IMG0002567.jpg,422,563,E:/FracAtlas/images/Fractured/IMG0002567.jpg,454,373,leg,73.7543138866064,134.54971240755958,13.485620377978634,35.55299917830732,87.23993426458503,170.1027115858669,294.68024743955345,5,False,None
IMG0002567.jpg,422,564,E:/FracAtlas/images/Fractured/IMG0002567.jpg,454,373,leg,95.51520131470828,101.44864420706656,7.6622843056696865,27.584223500410843,103.17748562037796,129.0328677074774,120.89686912805405,4,False,None
IMG0002567.jpg,422,565,E:/FracAtlas/images/Fractured/IMG0002567.jpg,454,373,leg,349.90304026294166,349.40016433853737,7.968775677896474,17.470008216926885,357.87181594083813,366.87017255546425,87.73712180699522,4,False,None
IMG0002568.jpg,423,566,E:/FracAtlas/images/Fractured/IMG0002568.jpg,373,454,hand,179.78512736236647,320.4486442070666,18.652423993426424,23.502054231717295,198.4375513557929,343.9506984387839,298.09179056761513,5,False,None
IMG0002568.jpg,423,567,E:/FracAtlas/images/Fractured/IMG0002568.jpg,373,454,hand,185.00780608052588,114.89893179950698,17.906327033689365,16.414133114215275,202.91413311421525,131.31306491372226,227.3958850548479,5,False,None
IMG0002569.jpg,424,568,E:/FracAtlas/images/Fractured/IMG0002569.jpg,373,454,hand,255.51396877567788,207.41495480690222,23.502054231717352,14.175842235004126,279.01602300739523,221.59079704190634,234.77163897645522,6,False,None
IMG0002569.jpg,424,569,E:/FracAtlas/images/Fractured/IMG0002569.jpg,373,454,hand,99.20665571076417,216.74116680361544,16.414133114215275,14.921939194741185,115.62078882497944,231.66310599835663,169.57275761281068,5,False,None
IMG0002570.jpg,425,570,E:/FracAtlas/images/Fractured/IMG0002570.jpg,373,454,leg,53.6947411668036,259.64174198849634,25.74034511092851,48.86935086277731,79.43508627773211,308.51109285127365,429.53329205739817,8,False,None
IMG0002570.jpg,425,571,E:/FracAtlas/images/Fractured/IMG0002570.jpg,373,454,leg,67.49753492193918,245.09285127362367,22.755957271980293,32.455217748562035,90.25349219391947,277.5480690221857,288.0023158635297,5,False,None
IMG0002570.jpg,425,572,E:/FracAtlas/images/Fractured/IMG0002570.jpg,373,454,leg,264.09408381265405,236.13968775677898,32.455217748562006,64.16433853738698,296.54930156121605,300.30402629416596,911.9493480810406,10,False,None
IMG0002570.jpg,425,573,E:/FracAtlas/images/Fractured/IMG0002570.jpg,373,454,leg,295.803204601479,287.620377978636,13.802793755135554,24.621199671322927,309.6059983566146,312.2415776499589,194.97040083344018,4,False,None
IMG0002571.jpg,426,574,E:/FracAtlas/images/Fractured/IMG0002571.jpg,373,454,leg,60.036565324568585,160.03779786359905,7.834018077239122,20.517666392769087,67.8705834018077,180.55546425636814,84.6124223459899,4,False,None
IMG0002571.jpg,426,575,E:/FracAtlas/images/Fractured/IMG0002571.jpg,373,454,leg,274.1663927691044,144.74281018898935,24.248151191454383,38.42399342645851,298.4145439605588,183.16680361544786,299.62260741927,7,False,None
IMG0002571.jpg,426,576,E:/FracAtlas/images/Fractured/IMG0002571.jpg,373,454,leg,263.347986852917,123.47904683648318,9.326211996713255,7.4609695973705925,272.6741988496303,130.94001643385377,48.7078089162772,4,False,None
IMG0002572.jpg,427,577,E:/FracAtlas/images/Fractured/IMG0002572.jpg,373,454,leg,29.44658997534919,76.84798685291702,18.65242399342646,52.22678718159409,48.09901396877565,129.0747740345111,445.74603416810226,6,False,None
IMG0002572.jpg,427,578,E:/FracAtlas/images/Fractured/IMG0002572.jpg,373,454,leg,67.8705834018077,250.3155299917831,11.937551355792934,31.33607230895646,79.80813475760064,281.65160230073957,213.5489508057924,5,False,None
IMG0002572.jpg,427,579,E:/FracAtlas/images/Fractured/IMG0002572.jpg,373,454,leg,48.47206244864418,209.2801972062449,8.207066557107645,53.71898110106821,56.679129005751825,262.9991783073131,313.3999590841604,5,False,None
IMG0002572.jpg,427,580,E:/FracAtlas/images/Fractured/IMG0002572.jpg,373,454,leg,252.90262941659822,233.15529991783077,24.994248151191442,30.963023829087916,277.89687756778966,264.1183237469187,419.58298252164496,6,False,None
IMG0002572.jpg,427,581,E:/FracAtlas/images/Fractured/IMG0002572.jpg,373,454,leg,250.66433853738704,77.22103533278555,13.802793755135554,15.66803615447823,264.4671322925226,92.88907148726378,140.97431552054002,6,False,None
IMG0002573.jpg,428,582,E:/FracAtlas/images/Fractured/IMG0002573.jpg,373,454,hand,107.78677074774033,175.70583401807727,16.041084634346745,16.04108463434676,123.82785538208708,191.74691865242403,137.9126818172308,5,False,None
IMG0002573.jpg,428,583,E:/FracAtlas/images/Fractured/IMG0002573.jpg,373,454,hand,303.2641741988497,160.03779786359905,14.548890714872641,20.14461791290057,317.8130649137223,180.18241577649962,174.30437333610564,6,False,None
IMG0002574.jpg,429,584,E:/FracAtlas/images/Fractured/IMG0002574.jpg,373,454,hand,99.20665571076415,167.49876746096962,8.953163516844711,16.78718159408382,108.15981922760886,184.28594905505344,97.62436558505254,4,False,None
IMG0002574.jpg,429,585,E:/FracAtlas/images/Fractured/IMG0002574.jpg,373,454,hand,288.42598684210526,156.4358552631579,17.54769736842104,21.65460526315789,305.9736842105263,178.09046052631578,241.70946048303244,4,False,None
IMG0002575.jpg,430,586,E:/FracAtlas/images/Fractured/IMG0002575.jpg,373,454,hand,97.3414133114215,169.7370583401808,11.564502875924418,25.74034511092853,108.90591618734592,195.47740345110932,235.5370474022834,5,False,None
IMG0002575.jpg,430,587,E:/FracAtlas/images/Fractured/IMG0002575.jpg,373,454,hand,243.99671052631578,169.12993421052633,16.42763157894734,22.77467105263156,260.4243421052631,191.9046052631579,195.36090476757326,4,False,None
IMG0002576.jpg,431,588,E:/FracAtlas/images/Fractured/IMG0002576.jpg,373,454,hand,72.72021364009858,175.33278553820875,33.20131470829911,25.367296631059986,105.92152834839769,200.70008216926874,439.6227667614844,7,False,None
IMG0002576.jpg,431,589,E:/FracAtlas/images/Fractured/IMG0002576.jpg,373,454,hand,274.9124897288414,177.5710764174199,34.69350862777321,24.99424815119147,309.60599835661463,202.56532456861137,369.20519158538036,9,False,None
IMG0002577.jpg,432,590,E:/FracAtlas/images/Fractured/IMG0002577.jpg,373,454,leg,64.88619556285947,136.5357436318817,35.06655710764174,18.652423993426453,99.95275267050121,155.18816762530815,420.00047802664125,8,False,None
IMG0002577.jpg,432,591,E:/FracAtlas/images/Fractured/IMG0002577.jpg,373,454,leg,301.398931799507,247.33114215283487,35.81265406737879,14.921939194741157,337.2115858668858,262.253081347576,359.6723775546229,9,False,None
IMG0002578.jpg,433,592,E:/FracAtlas/images/Fractured/IMG0002578.jpg,373,454,leg,82.41947411668035,200.70008216926874,32.828266228430564,14.548890714872641,115.24774034511091,215.24897288414138,324.7419203032364,7,False,None
IMG0002578.jpg,433,593,E:/FracAtlas/images/Fractured/IMG0002578.jpg,373,454,leg,296.92235004108466,243.97370583401812,34.32046014790467,15.668036154478216,331.2428101889893,259.64174198849634,384.16544718109424,9,False,None
IMG0002579.jpg,434,594,E:/FracAtlas/images/Fractured/IMG0002579.jpg,373,454,hand,172.32415776499587,112.2875924404273,19.771569433032056,45.88496302382909,192.09572719802793,158.1725554642564,591.6607131644357,10,False,None
IMG0002580.jpg,435,595,E:/FracAtlas/images/Fractured/IMG0002580.jpg,373,454,hand,187.99219391947412,130.94001643385377,29.84387838948234,45.51191454396056,217.83607230895646,176.45193097781433,629.4440563666335,9,False,None
IMG0002581.jpg,436,596,E:/FracAtlas/images/Fractured/IMG0002581.jpg,373,454,hand,85.03081347576004,167.49876746096962,14.548890714872641,40.66228430566969,99.57970419063268,208.1610517666393,418.8871566799834,8,False,None
IMG0002581.jpg,436,597,E:/FracAtlas/images/Fractured/IMG0002581.jpg,373,454,hand,308.8599013968776,148.47329498767465,14.548890714872641,25.7403451109285,323.40879211175024,174.21364009860315,273.8074686936443,6,False,None
IMG0002582.jpg,437,598,E:/FracAtlas/images/Fractured/IMG0002582.jpg,373,454,hand,143.59942481511914,144.74281018898935,16.78718159408382,25.7403451109285,160.38660640920295,170.48315529991785,288.0023158635304,5,False,None
IMG0002583.jpg,438,599,E:/FracAtlas/images/Fractured/IMG0002583.jpg,373,454,hand,336.0924404272802,247.70419063270342,16.04108463434676,26.48644207066556,352.133525061627,274.190632703369,290.92478439850674,5,False,None
IMG0002584.jpg,439,600,E:/FracAtlas/images/Fractured/IMG0002584.jpg,373,454,hand,209.2559572719803,121.61380443714053,20.14461791290057,17.906327033689408,229.40057518488086,139.52013147082994,184.95050871352169,6,False,None
IMG0002585.jpg,440,601,E:/FracAtlas/images/Fractured/IMG0002585.jpg,373,454,hand,51.08340180772389,181.3015612161052,30.96302382908793,18.65242399342648,82.04642563681182,199.95398520953168,316.87908829246595,9,False,None
IMG0002585.jpg,440,602,E:/FracAtlas/images/Fractured/IMG0002585.jpg,373,454,hand,249.54519309778144,165.63352506162698,24.621199671322955,22.38290879211175,274.1663927691044,188.01643385373873,449.3643285447406,8,False,None
IMG0002586.jpg,441,603,E:/FracAtlas/images/Fractured/IMG0002586.jpg,373,454,leg,94.73007395234181,216.7411668036155,30.216926869350857,57.07641741988493,124.94700082169267,273.81758422350043,397.59488592515396,11,False,None
IMG0002587.jpg,442,604,E:/FracAtlas/images/Fractured/IMG0002587.jpg,373,454,leg,115.24774034511091,89.90468364831554,13.802793755135582,28.724732949876753,129.0505341002465,118.6294165981923,278.33033666444135,5,False,None
IMG0002587.jpg,442,605,E:/FracAtlas/images/Fractured/IMG0002587.jpg,373,454,leg,296.5493015612161,312.6146261298275,16.787181594083847,23.502054231717352,313.33648315529996,336.11668036154487,232.26666594647804,5,False,None
IMG0002588.jpg,443,606,E:/FracAtlas/images/Fractured/IMG0002588.jpg,181,454,leg,68.49013968775678,105.19967132292524,18.279375513557923,22.382908792111763,86.7695152013147,127.582580115037,290.29854114101215,8,False,None
IMG0002588.jpg,443,607,E:/FracAtlas/images/Fractured/IMG0002588.jpg,181,454,leg,93.85743631881677,113.03368940016436,33.574363188167624,39.91618734593261,127.43179950698439,152.94987674609698,656.1637686864192,7,False,None
IMG0002589.jpg,444,608,E:/FracAtlas/images/Fractured/IMG0002589.jpg,373,454,leg,269.3167625308135,258.8956450287593,22.382908792111778,41.03533278553823,291.69967132292527,299.93097781429753,496.75006836186185,6,False,None
IMG0002589.jpg,444,609,E:/FracAtlas/images/Fractured/IMG0002589.jpg,373,454,leg,241.33812654067378,291.3508627773213,18.652423993426453,43.64667214461792,259.99055053410024,334.99753492193923,289.81146305185007,5,False,None
IMG0002589.jpg,444,610,E:/FracAtlas/images/Fractured/IMG0002589.jpg,373,454,leg,58.917419884963,341.7124075595728,10.818405916187338,36.93179950698436,69.73582580115034,378.64420706655716,219.6722182124101,6,False,None
IMG0002589.jpg,444,611,E:/FracAtlas/images/Fractured/IMG0002589.jpg,373,454,leg,80.5542317173377,319.329498767461,6.714872637633519,14.548890714872641,87.26910435497122,333.87838948233366,88.92654256428875,4,False,None
IMG0002590.jpg,445,612,E:/FracAtlas/images/Fractured/IMG0002590.jpg,454,373,leg,372.88989317995066,149.87428101889893,10.420706655710774,44.44124897288415,383.31059983566144,194.31552999178308,270.9141962434422,8,False,None
IMG0002590.jpg,445,613,E:/FracAtlas/images/Fractured/IMG0002590.jpg,454,373,leg,146.08627773212817,172.86113393590796,15.63105998356616,23.293344289235847,161.71733771569433,196.1544782251438,155.27779694535593,7,False,None
IMG0002591.jpg,446,614,E:/FracAtlas/images/Fractured/IMG0002591.jpg,373,454,leg,86.14995891536563,198.83483976992608,44.39276910435498,37.304847986852934,130.5427280197206,236.139687756779,1101.840220270355,11,False,None
IMG0002591.jpg,446,615,E:/FracAtlas/images/Fractured/IMG0002591.jpg,373,454,leg,264.84018077239114,236.139687756779,33.57436318816764,35.43960558751027,298.4145439605588,271.5792933442893,772.5754319963239,9,False,None
IMG0002591.jpg,446,616,E:/FracAtlas/images/Fractured/IMG0002591.jpg,373,454,leg,81.30032867707476,168.61791290057522,13.802793755135582,14.921939194741157,95.10312243221034,183.53985209531638,121.2824442015298,5,False,None
IMG0002591.jpg,446,617,E:/FracAtlas/images/Fractured/IMG0002591.jpg,373,454,leg,317.0669679539852,203.68447000821698,12.310599835661492,18.27937551355791,329.3775677896467,221.96384552177489,141.60055877803381,6,False,None
IMG0002592.jpg,447,618,E:/FracAtlas/images/Fractured/IMG0002592.jpg,373,454,leg,72.34716516023005,181.67460969597374,15.66803615447823,41.78142974527526,88.01520131470828,223.456039441249,410.1197510750535,5,False,None
IMG0002592.jpg,447,619,E:/FracAtlas/images/Fractured/IMG0002592.jpg,373,454,leg,229.77362366474938,179.06327033689402,19.771569433032056,29.470829909613826,249.54519309778144,208.53410024650785,310.82540347001463,6,False,None
IMG0002593.jpg,448,620,E:/FracAtlas/images/Fractured/IMG0002593.jpg,373,454,leg,73.83935907970417,244.71980279375518,30.5899753492194,44.01972062448644,104.42933442892357,288.7395234182416,714.3348090492875,9,False,None
IMG0002593.jpg,448,621,E:/FracAtlas/images/Fractured/IMG0002593.jpg,373,454,leg,41.757189811010655,298.4387838948234,13.429745275267052,16.414133114215247,55.18693508627771,314.85291700903866,165.1890548103455,5,False,None
IMG0002593.jpg,448,622,E:/FracAtlas/images/Fractured/IMG0002593.jpg,373,454,leg,234.25020542317174,258.52259654889076,41.78142974527526,36.558751027115875,276.031635168447,295.08134757600664,786.0744533245479,12,False,None
IMG0002594.jpg,449,623,E:/FracAtlas/images/Fractured/IMG0002594.jpg,373,454,leg,274.5394412489729,205.17666392769107,10.818405916187373,17.906327033689422,285.35784716516025,223.0829909613805,127.33612902398181,5,False,None
IMG0002595.jpg,450,624,E:/FracAtlas/images/Fractured/IMG0002595.jpg,373,454,leg,279.3890714872638,211.8915365653246,24.248151191454383,70.50616269515206,303.63722267871816,282.39769926047666,725.6071876841979,11,False,None
IMG0002595.jpg,450,625,E:/FracAtlas/images/Fractured/IMG0002595.jpg,373,454,leg,311.84428923582584,262.9991783073131,7.8340180772390795,16.04108463434676,319.6783073130649,279.0402629416599,105.41761501165672,4,False,None
IMG0002596.jpg,451,626,E:/FracAtlas/images/Fractured/IMG0002596.jpg,373,454,leg,146.58381265406737,202.56532456861137,23.875102711585868,72.74445357436318,170.45891536565324,275.30977814297455,619.7720771675434,10,False,None
IMG0002596.jpg,451,627,E:/FracAtlas/images/Fractured/IMG0002596.jpg,373,454,leg,176.05464256368117,261.88003286770754,8.207066557107652,8.207066557107623,184.26170912078882,270.08709942481516,48.08156565878221,4,False,None
IMG0002597.jpg,452,628,E:/FracAtlas/images/Fractured/IMG0002597.jpg,373,454,hand,161.50575184880853,47.37715694330321,39.17009038619557,19.39852095316352,200.6758422350041,66.77567789646673,455.76592628802166,6,False,None
IMG0002598.jpg,453,629,E:/FracAtlas/images/Fractured/IMG0002598.jpg,373,454,leg,90.99958915365652,164.88742810188992,18.279375513557937,58.195562859490565,109.27896466721445,223.0829909613805,591.0344699069408,7,False,None
IMG0002598.jpg,453,630,E:/FracAtlas/images/Fractured/IMG0002598.jpg,373,454,leg,273.4202958093673,189.8816762530814,18.652423993426453,30.216926869350857,292.07271980279376,220.09860312243225,233.51915246146564,5,False,None
IMG0002599.jpg,454,631,E:/FracAtlas/images/Fractured/IMG0002599.jpg,454,373,hand,102.9568261376896,183.6709451575263,21.761960326721123,23.938156359393247,124.71878646441073,207.60910151691954,364.65884629157347,4,False,None
IMG0002599.jpg,454,632,E:/FracAtlas/images/Fractured/IMG0002599.jpg,454,373,hand,331.4574095682614,189.7642940490082,17.844807467911323,28.725787631271885,349.30221703617275,218.4900816802801,421.6782295298931,6,False,None
IMG0002600.jpg,455,633,E:/FracAtlas/images/Fractured/IMG0002600.jpg,373,454,hand,178.55367561260212,189.12252042007003,41.85064177362895,26.487747957993008,220.40431738623107,215.61026837806304,737.1017919556016,8,False,None
IMG0002601.jpg,456,634,E:/FracAtlas/images/Fractured/IMG0002601.jpg,373,454,hand,166.89906651108518,147.80163360560095,41.85064177362895,31.785297549591604,208.74970828471413,179.58693115519256,637.6147996661446,8,False,None
IMG0002602.jpg,457,635,E:/FracAtlas/images/Fractured/IMG0002602.jpg,373,454,hand,223.58284714119023,83.70128354725789,12.184364060676756,67.27887981330223,235.76721120186698,150.9801633605601,581.9076967903816,4,False,None
IMG0002603.jpg,458,636,E:/FracAtlas/images/Fractured/IMG0002603.jpg,373,454,hand,201.3331388564761,97.47491248541425,11.654609101516911,33.90431738623104,212.987747957993,131.3792298716453,304.4947436785941,4,False,None
IMG0002604.jpg,459,637,E:/FracAtlas/images/Fractured/IMG0002604.jpg,373,454,hand,147.29813302217036,170.0513418903151,20.66044340723454,66.21936989498249,167.9585764294049,236.27071178529758,791.4056932475924,5,False,None
IMG0002605.jpg,460,638,E:/FracAtlas/images/Fractured/IMG0002605.jpg,454,373,hand,230.9171528588098,134.48891481913654,30.46674445740956,33.94865810968497,261.38389731621936,168.4375729288215,709.2377768912484,6,False,None
IMG0002606.jpg,461,639,E:/FracAtlas/images/Fractured/IMG0002606.jpg,373,454,hand,180.14294049008168,136.14702450408404,23.838973162193724,24.36872812135354,203.9819136522754,160.51575262543759,482.5610246593019,5,False,None
IMG0002607.jpg,462,640,E:/FracAtlas/images/Fractured/IMG0002607.jpg,373,454,hip,306.75437572928826,238.9194865810969,41.85064177362898,96.4154025670945,348.60501750291724,335.3348891481914,2435.3966687952525,6,False,None
IMG0002608.jpg,463,641,E:/FracAtlas/images/Fractured/IMG0002608.jpg,373,454,hip,126.63768961493584,162.63477246207702,52.44574095682613,104.36172695449244,179.08343057176197,266.99649941656946,3092.0950100006967,6,False,None
IMG0002609.jpg,464,642,E:/FracAtlas/images/Fractured/IMG0002609.jpg,373,454,hand,230.4696616102684,113.89731621936991,17.48191365227538,52.44574095682614,247.95157526254377,166.34305717619606,373.81290191694825,5,False,None
IMG0002609.jpg,464,643,E:/FracAtlas/images/Fractured/IMG0002609.jpg,373,454,hand,243.18378063010505,125.02217036172696,27.017502917152854,43.43990665110853,270.2012835472579,168.4620770128355,830.6953375932171,7,False,None
IMG0002610.jpg,465,644,E:/FracAtlas/images/Fractured/IMG0002610.jpg,373,454,hand,223.05309218203035,140.38506417736292,23.30921820303385,49.267211201866985,246.3623103850642,189.6522753792299,777.0930370931128,6,False,None
IMG0002611.jpg,466,645,E:/FracAtlas/images/Fractured/IMG0002611.jpg,373,454,hand,207.6901983663944,197.06884480746794,11.124854142357066,74.69544924154025,218.81505250875148,271.7642940490082,467.12580723780775,5,False,None
IMG0002612.jpg,467,646,E:/FracAtlas/images/Fractured/IMG0002612.jpg,373,454,hand,231.5291715285881,189.6522753792299,11.65460910151694,64.63010501750293,243.18378063010505,254.28238039673283,443.97298110556585,4,False,None
IMG0002613.jpg,468,647,E:/FracAtlas/images/Fractured/IMG0002613.jpg,373,454,leg,140.94107351225205,174.28938156359396,45.55892648774798,96.41540256709453,186.50000000000003,270.7047841306885,2002.6493003598644,5,False,None
IMG0002613.jpg,468,648,E:/FracAtlas/images/Fractured/IMG0002613.jpg,373,454,leg,179.61318553092184,235.21120186697786,10.595099183197192,43.439906651108544,190.20828471411903,278.6511085180864,293.26913100841557,4,False,None
IMG0002614.jpg,469,649,E:/FracAtlas/images/Fractured/IMG0002614.jpg,373,454,hand,136.22278738555443,152.03967327887983,25.908484493092033,62.059004238922824,162.13127187864646,214.09867751780266,774.7387217731182,10,False,None
IMG0002615.jpg,470,650,E:/FracAtlas/images/Fractured/IMG0002615.jpg,373,454,hand,232.05892648774798,260.63943990665115,16.952158693115507,24.36872812135357,249.0110851808635,285.0081680280047,239.3861901915584,5,False,None
IMG0002617.jpg,471,651,E:/FracAtlas/images/Fractured/IMG0002617.jpg,373,454,leg,134.60361842105263,207.95888157894737,22.02796052631578,28.00164473684211,156.6315789473684,235.96052631578948,375.8066352146816,6,False,None
IMG0002619.jpg,472,652,E:/FracAtlas/images/Fractured/IMG0002619.jpg,373,454,hand,157.3782894736842,147.84868421052633,36.96217105263159,22.02796052631578,194.34046052631578,169.8766447368421,591.4493891750342,8,False,None
IMG0002620.jpg,473,653,E:/FracAtlas/images/Fractured/IMG0002620.jpg,373,454,shoulder,164.4720394736842,91.84539473684211,30.98848684210526,35.84210526315789,195.46052631578945,127.6875,852.5346368594178,7,False,None
IMG0002621.jpg,474,654,E:/FracAtlas/images/Fractured/IMG0002621.jpg,373,454,shoulder,99.88157894736841,159.04934210526315,47.04276315789474,52.64309210526318,146.92434210526315,211.69243421052633,1452.4870693386424,6,False,None
IMG0002622.jpg,475,655,E:/FracAtlas/images/Fractured/IMG0002622.jpg,373,454,shoulder,162.60526315789474,132.91447368421052,55.25657894736841,35.46875,217.86184210526315,168.38322368421052,1272.6686125779083,5,False,None
IMG0002627.jpg,476,656,E:/FracAtlas/images/Fractured/IMG0002627.jpg,373,454,shoulder,245.86348684210526,74.29769736842105,35.09539473684208,29.868421052631575,280.95888157894734,104.16611842105263,738.0223405579111,7,False,None
IMG0002628.jpg,477,657,E:/FracAtlas/images/Fractured/IMG0002628.jpg,454,373,shoulder,177.30756578947367,74.84539473684211,36.80921052631578,24.23273026315789,214.11677631578945,99.078125,637.3289537931747,6,False,None
IMG0002646.jpg,478,658,E:/FracAtlas/images/Fractured/IMG0002646.jpg,454,373,hand,226.3865131578947,143.5559210526316,26.0731907894737,41.10361842105263,252.4597039473684,184.65953947368422,584.9670193743514,8,False,None
IMG0002647.jpg,479,659,E:/FracAtlas/images/Fractured/IMG0002647.jpg,454,373,hand,272.7047697368421,114.41529605263158,35.88898026315792,40.796875000000014,308.59375,155.2121710526316,808.4343944771458,10,False,None
IMG0002650.jpg,480,660,E:/FracAtlas/images/Fractured/IMG0002650.jpg,373,454,leg,177.53947368421052,184.8108552631579,21.28125,22.4013157894737,198.82072368421052,207.2121710526316,316.2156350090895,7,False,None
IMG0002651.jpg,481,661,E:/FracAtlas/images/Fractured/IMG0002651.jpg,373,454,leg,157.3782894736842,185.9309210526316,19.04111842105263,28.74835526315789,176.41940789473682,214.67927631578948,386.6096820355781,7,False,None
IMG0002652.jpg,482,662,E:/FracAtlas/images/Fractured/IMG0002652.jpg,373,454,hand,148.04440789473682,160.91611842105263,39.94901315789474,53.38980263157896,187.99342105263156,214.3059210526316,1078.2137698017673,9,False,None
IMG0002653.jpg,483,663,E:/FracAtlas/images/Fractured/IMG0002653.jpg,373,454,hand,137.59046052631578,109.76644736842105,47.41611842105263,63.097039473684205,185.0065789473684,172.86348684210526,1203.668507076696,12,False,None
IMG0002664.jpg,484,664,E:/FracAtlas/images/Fractured/IMG0002664.jpg,373,454,hand,219.72861842105263,162.03618421052633,45.92269736842107,25.76151315789474,265.6513157894737,187.79769736842107,776.00724712171,6,False,None
IMG0002668.jpg,485,665,E:/FracAtlas/images/Fractured/IMG0002668.jpg,373,454,hand,229.0625,344.23355263157896,17.54769736842104,17.17434210526318,246.61019736842104,361.40789473684214,196.3366638352668,6,False,None
IMG0002701.jpg,486,666,E:/FracAtlas/images/Fractured/IMG0002701.jpg,454,373,hip,346.0164473684211,191.71463815789474,53.98684210526312,85.27467105263156,400.0032894736842,276.9893092105263,2862.31127760615,14,False,None
IMG0002704.jpg,487,667,E:/FracAtlas/images/Fractured/IMG0002704.jpg,373,454,leg,206.2878289473684,228.86677631578948,21.65460526315789,18.29440789473685,227.9424342105263,247.16118421052633,258.85494124394023,5,False,None
IMG0002705.jpg,488,668,E:/FracAtlas/images/Fractured/IMG0002705.jpg,373,454,leg,179.7796052631579,205.3453947368421,17.54769736842104,29.86842105263159,197.32730263157893,235.2138157894737,243.03370493204648,4,False,None
IMG0002731.jpg,489,669,E:/FracAtlas/images/Fractured/IMG0002731.jpg,373,454,leg,224.58223684210526,204.97203947368422,17.17434210526315,30.61513157894737,241.7565789473684,235.5871710526316,311.4065367468834,7,False,None
IMG0002732.jpg,490,670,E:/FracAtlas/images/Fractured/IMG0002732.jpg,373,454,leg,226.44901315789474,218.03947368421052,19.04111842105263,26.88157894736844,245.49013157894737,244.92105263157896,261.29433891317467,6,False,None
IMG0002737.jpg,491,671,E:/FracAtlas/images/Fractured/IMG0002737.jpg,373,454,hand,172.6858552631579,166.14309210526315,23.52138157894737,23.52138157894737,196.20723684210526,189.66447368421052,311.5459308994116,7,False,None
IMG0002738.jpg,492,672,E:/FracAtlas/images/Fractured/IMG0002738.jpg,373,454,hand,152.52467105263156,156.0625,23.14802631578948,21.65460526315789,175.67269736842104,177.7171052631579,322.76716017789136,6,False,None
IMG0002745.jpg,493,673,E:/FracAtlas/images/Fractured/IMG0002745.jpg,373,454,hand,156.25822368421052,97.07236842105263,17.54769736842104,20.53453947368422,173.80592105263156,117.60690789473685,225.53973878981924,5,False,None
IMG0002745.jpg,493,674,E:/FracAtlas/images/Fractured/IMG0002745.jpg,373,454,hand,151.77796052631578,257.6151315789474,26.88157894736841,16.80098684210526,178.6595394736842,274.41611842105266,276.55799861495836,5,False,None
IMG0002746.jpg,494,675,E:/FracAtlas/images/Fractured/IMG0002746.jpg,373,454,hand,301.1200657894737,133.66118421052633,17.921052631578902,24.64144736842104,319.0411184210526,158.30263157894737,263.66403950614495,7,False,None
IMG0002746.jpg,494,676,E:/FracAtlas/images/Fractured/IMG0002746.jpg,373,454,hand,249.5970394736842,323.3256578947369,25.76151315789477,20.1611842105263,275.35855263157896,343.4868421052632,333.2217216174695,6,False,None
IMG0002749.jpg,495,677,E:/FracAtlas/images/Fractured/IMG0002749.jpg,373,454,leg,198.82072368421052,236.33388157894737,39.94901315789474,100.05921052631581,238.76973684210526,336.3930921052632,2508.885654269823,7,False,None
IMG0002750.jpg,496,678,E:/FracAtlas/images/Fractured/IMG0002750.jpg,373,454,leg,135.3503289473684,139.26151315789474,34.72203947368422,90.35197368421052,170.07236842105263,229.61348684210526,2035.0849298281685,8,False,None
IMG0002768.jpg,497,679,E:/FracAtlas/images/Fractured/IMG0002768.jpg,373,454,leg,193.2203947368421,117.98026315789474,96.69901315789471,110.13980263157896,289.9194078947368,228.1200657894737,3131.4896365348013,14,False,None
IMG0002790.jpg,498,680,E:/FracAtlas/images/Fractured/IMG0002790.jpg,373,454,leg,179.7796052631579,228.86677631578948,9.70723684210526,40.32236842105266,189.48684210526315,269.18914473684214,308.1307741624828,5,False,None
IMG0002790.jpg,498,681,E:/FracAtlas/images/Fractured/IMG0002790.jpg,373,454,leg,198.07401315789474,170.99671052631578,19.78782894736841,100.05921052631578,217.86184210526315,271.05592105263156,1209.9412439404405,5,False,None
IMG0002790.jpg,498,682,E:/FracAtlas/images/Fractured/IMG0002790.jpg,373,454,leg,216.74177631578945,218.03947368421052,8.58717105263159,55.25657894736844,225.32894736842104,273.29605263157896,375.179361528305,5,False,None
IMG0002791.jpg,499,683,E:/FracAtlas/images/Fractured/IMG0002791.jpg,373,454,leg,189.86019736842104,194.51809210526315,25.01480263157896,78.03125000000003,214.875,272.5493421052632,669.3010233617576,4,False,None
IMG0002809.jpg,500,684,E:/FracAtlas/images/Fractured/IMG0002809.jpg,373,454,hand,193.9671052631579,202.35855263157896,34.72203947368422,31.36184210526315,228.6891447368421,233.7203947368421,661.2161625151484,8,False,None
IMG0002810.jpg,501,685,E:/FracAtlas/images/Fractured/IMG0002810.jpg,373,454,hand,201.0608552631579,220.65296052631578,23.89473684210526,26.13486842105266,224.95559210526315,246.78782894736844,372.87935801160074,5,False,None
IMG0002831.jpg,502,686,E:/FracAtlas/images/Fractured/IMG0002831.jpg,373,454,hand,182.76644736842104,118.35361842105263,19.04111842105263,37.33552631578948,201.80756578947367,155.6891447368421,510.9492660902865,6,False,None
IMG0002831.jpg,502,687,E:/FracAtlas/images/Fractured/IMG0002831.jpg,373,454,hand,204.79440789473682,99.3125,15.3075657894737,22.774671052631575,220.10197368421052,122.08717105263158,253.4882663716246,5,False,None
IMG0002832.jpg,503,688,E:/FracAtlas/images/Fractured/IMG0002832.jpg,373,454,hand,185.0065789473684,160.16940789473685,15.3075657894737,39.20230263157893,200.3141447368421,199.37171052631578,549.6311434167255,4,False,None
IMG0002833.jpg,504,689,E:/FracAtlas/images/Fractured/IMG0002833.jpg,373,454,hand,217.48848684210526,142.9950657894737,16.05427631578948,30.61513157894737,233.54276315789474,173.61019736842107,356.2914538608029,6,False,None
IMG0002834.jpg,505,690,E:/FracAtlas/images/Fractured/IMG0002834.jpg,373,454,hand,229.0625,139.63486842105263,14.1875,30.61513157894737,243.25,170.25,326.1823169148206,6,False,None
IMG0002840.jpg,506,691,E:/FracAtlas/images/Fractured/IMG0002840.jpg,373,454,leg,219.72861842105263,183.69078947368422,8.587171052631561,17.54769736842104,228.3157894736842,201.23848684210526,121.96988346173816,6,False,None
IMG0002846.jpg,507,692,E:/FracAtlas/images/Fractured/IMG0002846.jpg,373,454,leg,156.6315789473684,152.70230263157896,32.48190789473685,60.48355263157893,189.11348684210526,213.1858552631579,1339.5778057912034,7,False,None
IMG0002847.jpg,508,693,E:/FracAtlas/images/Fractured/IMG0002847.jpg,373,454,leg,177.53947368421052,203.10526315789474,32.85526315789474,47.41611842105263,210.39473684210526,250.52138157894737,1080.7228645472642,5,False,None
IMG0002848.jpg,509,694,E:/FracAtlas/images/Fractured/IMG0002848.jpg,373,454,hand,196.95394736842104,207.2121710526316,39.57565789473685,21.65460526315789,236.5296052631579,228.86677631578948,636.9615799753296,7,False,None
IMG0002849.jpg,510,695,E:/FracAtlas/images/Fractured/IMG0002849.jpg,373,454,hand,174.55263157894737,214.67927631578948,28.74835526315789,21.65460526315789,203.30098684210526,236.33388157894737,455.54009046052647,6,False,None
IMG0002885.jpg,511,696,E:/FracAtlas/images/Fractured/IMG0002885.jpg,373,454,hand,175.67269736842104,109.39309210526316,36.21546052631578,54.136513157894726,211.88815789473682,163.5296052631579,1209.3139702540666,7,False,None
IMG0002886.jpg,512,697,E:/FracAtlas/images/Fractured/IMG0002886.jpg,373,454,hand,172.6858552631579,115.74013157894737,32.48190789473685,67.20394736842107,205.16776315789474,182.94407894736844,1038.6955275601626,8,False,None
IMG0002904.jpg,513,698,E:/FracAtlas/images/Fractured/IMG0002904.jpg,373,454,hand,181.27302631578945,64.96381578947368,29.12171052631581,55.256578947368425,210.39473684210526,120.22039473684211,1129.6502120844889,7,False,None
IMG0002905.jpg,514,699,E:/FracAtlas/images/Fractured/IMG0002905.jpg,454,373,hand,274.8519736842105,131.8996710526316,59.81496710526318,36.80921052631578,334.6669407894737,168.70888157894737,1401.2580563024812,6,False,None
IMG0002934.jpg,515,700,E:/FracAtlas/images/Fractured/IMG0002934.jpg,373,454,hand,210.39473684210526,199.37171052631578,36.21546052631578,21.28125,246.61019736842104,220.65296052631578,623.5797413326693,6,False,None
IMG0002935.jpg,516,701,E:/FracAtlas/images/Fractured/IMG0002935.jpg,373,454,hand,242.5032894736842,194.14473684210526,30.98848684210529,26.88157894736844,273.4917763157895,221.0263157894737,574.1645142616007,6,False,None
IMG0002945.jpg,517,702,E:/FracAtlas/images/Fractured/IMG0002945.jpg,373,454,leg,164.0986842105263,315.85855263157896,25.01480263157896,31.36184210526318,189.11348684210526,347.22039473684214,447.59462376644774,5,False,None
IMG0002946.jpg,518,703,E:/FracAtlas/images/Fractured/IMG0002946.jpg,373,454,leg,175.29934210526315,268.4424342105263,25.38815789473685,19.78782894736844,200.6875,288.23026315789474,336.9156666594539,4,False,None
IMG0002970.jpg,519,704,E:/FracAtlas/images/Fractured/IMG0002970.jpg,373,454,leg,113.69572368421052,199.37171052631578,31.73519736842104,72.80427631578948,145.43092105263156,272.17598684210526,1162.0593525471777,5,False,None
IMG0002971.jpg,520,705,E:/FracAtlas/images/Fractured/IMG0002971.jpg,454,373,leg,192.03124999999997,217.17434210526315,70.55098684210529,48.77220394736841,262.58223684210526,265.94654605263156,625.1441011296731,8,False,None
IMG0002979.jpg,521,706,E:/FracAtlas/images/Fractured/IMG0002979.jpg,373,454,hand,94.65460526315789,199.7450657894737,24.64144736842104,18.29440789473682,119.29605263157893,218.03947368421052,248.81856226194566,4,False,None
IMG0002980.jpg,522,707,E:/FracAtlas/images/Fractured/IMG0002980.jpg,373,454,hand,166.71217105263156,112.00657894736842,17.17434210526318,13.440789473684205,183.88651315789474,125.44736842105263,164.55479705895095,4,False,None
IMG0002987.jpg,523,708,E:/FracAtlas/images/Fractured/IMG0002987.jpg,373,454,hand,220.8486842105263,203.10526315789474,22.77467105263159,18.29440789473685,243.6233552631579,221.3996710526316,256.2064523459137,6,False,None
IMG0002998.jpg,524,709,E:/FracAtlas/images/Fractured/IMG0002998.jpg,373,454,hand,191.35361842105263,34.72203947368421,10.08059210526315,16.42763157894737,201.43421052631578,51.14967105263158,99.52742490477806,4,False,None
IMG0002999.jpg,525,710,E:/FracAtlas/images/Fractured/IMG0002999.jpg,373,454,hand,232.04934210526315,83.63157894736842,10.82730263157896,14.56085526315789,242.8766447368421,98.19243421052632,119.6698799450312,5,False,None
IMG0003000.jpg,526,711,E:/FracAtlas/images/Fractured/IMG0003000.jpg,373,454,hand,279.09210526315786,228.86677631578948,18.66776315789474,16.80098684210526,297.7598684210526,245.66776315789474,162.9517643048821,4,False,None
IMG0003001.jpg,527,712,E:/FracAtlas/images/Fractured/IMG0003001.jpg,373,454,hand,279.09210526315786,189.66447368421052,14.1875,14.1875,293.27960526315786,203.85197368421052,116.8122998182132,4,False,None
IMG0003020.jpg,528,713,E:/FracAtlas/images/Fractured/IMG0003020.jpg,373,454,leg,170.8190789473684,272.5493421052632,20.90789473684211,29.86842105263156,191.72697368421052,302.41776315789474,344.3035567434206,6,False,None
IMG0003021.jpg,529,714,E:/FracAtlas/images/Fractured/IMG0003021.jpg,373,454,leg,167.83223684210526,229.24013157894737,19.41447368421052,20.16118421052633,187.24671052631578,249.4013157894737,214.45790366386746,5,False,None
IMG0003034.jpg,530,715,E:/FracAtlas/images/Fractured/IMG0003034.jpg,454,373,hand,168.71874999999997,99.99835526315789,18.09786184210529,23.619243421052644,186.81661184210526,123.61759868421053,300.15196908544,5,False,None
IMG0003035.jpg,531,716,E:/FracAtlas/images/Fractured/IMG0003035.jpg,373,454,hand,47.61184210526314,173.23684210526315,19.041118421052637,17.17434210526318,66.65296052631578,190.41118421052633,182.32755150623296,4,False,None
IMG0003070.jpg,532,717,E:/FracAtlas/images/Fractured/IMG0003070.jpg,373,454,hand,201.0608552631579,146.72861842105263,22.77467105263156,28.375,223.83552631578945,175.10361842105263,310.43077767919,4,False,None
IMG0003077.jpg,533,718,E:/FracAtlas/images/Fractured/IMG0003077.jpg,373,454,leg,159.24506578947367,398.74342105263156,17.54769736842107,27.62828947368422,176.79276315789474,426.3717105263158,370.0914749610456,5,False,None
IMG0003093.jpg,534,719,E:/FracAtlas/images/Fractured/IMG0003093.jpg,373,454,hand,204.42105263157893,162.40953947368422,32.10855263157896,19.04111842105263,236.5296052631579,181.45065789473685,443.69158749567214,5,False,None
IMG0003093.jpg,534,720,E:/FracAtlas/images/Fractured/IMG0003093.jpg,373,454,hand,245.49013157894737,226.6266447368421,13.81414473684211,21.65460526315789,259.3042763157895,248.28125,166.29722396554803,4,False,None
IMG0003094.jpg,535,721,E:/FracAtlas/images/Fractured/IMG0003094.jpg,373,454,hand,176.41940789473682,176.9703947368421,29.4950657894737,23.52138157894737,205.91447368421052,200.49177631578948,482.23407066958134,5,False,None
IMG0003101.jpg,536,722,E:/FracAtlas/images/Fractured/IMG0003101.jpg,373,454,hand,182.39309210526315,181.45065789473685,44.05592105263159,28.74835526315789,226.44901315789474,210.19901315789474,742.1344680574787,7,False,None
IMG0003102.jpg,537,723,E:/FracAtlas/images/Fractured/IMG0003102.jpg,373,454,hand,157.0049342105263,157.92927631578948,30.61513157894737,25.01480263157896,187.62006578947367,182.94407894736844,499.5886426592803,6,False,None
IMG0003111.jpg,538,724,E:/FracAtlas/images/Fractured/IMG0003111.jpg,373,454,hand,177.53947368421052,146.35526315789474,32.10855263157893,66.45723684210526,209.64802631578945,212.8125,1114.7350377640203,7,False,None
IMG0003112.jpg,539,725,E:/FracAtlas/images/Fractured/IMG0003112.jpg,373,454,hand,166.33881578947367,148.22203947368422,29.12171052631578,59.36348684210526,195.46052631578945,207.58552631578948,873.3043655860461,5,False,None
IMG0003121.jpg,540,726,E:/FracAtlas/images/Fractured/IMG0003121.jpg,373,454,hand,219.35526315789474,102.67269736842105,12.69407894736841,39.202302631578945,232.04934210526315,141.875,265.4064664127427,4,False,None
IMG0003130.jpg,541,727,E:/FracAtlas/images/Fractured/IMG0003130.jpg,373,454,leg,170.44572368421052,118.35361842105263,19.78782894736841,34.34868421052633,190.23355263157893,152.70230263157896,512.0644193105086,6,False,None
IMG0003131.jpg,542,728,E:/FracAtlas/images/Fractured/IMG0003131.jpg,373,454,leg,183.88651315789474,151.95559210526315,16.42763157894737,29.4950657894737,200.3141447368421,181.45065789473685,322.209583567781,4,False,None
IMG0003132.jpg,543,729,E:/FracAtlas/images/Fractured/IMG0003132.jpg,454,373,leg,172.09292763157893,142.6356907894737,24.23273026315789,28.52713815789471,196.32565789473682,171.1628289473684,346.68022887000006,5,False,None
IMG0003146.jpg,544,730,E:/FracAtlas/images/Fractured/IMG0003146.jpg,373,454,leg,165.96546052631578,196.38486842105263,33.97532894736841,61.23026315789477,199.9407894736842,257.6151315789474,1163.3138999199286,6,False,None
IMG0003147.jpg,545,731,E:/FracAtlas/images/Fractured/IMG0003147.jpg,373,454,leg,182.01973684210526,225.87993421052633,35.09539473684211,52.64309210526315,217.11513157894737,278.5230263157895,1152.9290355566136,7,False,None
IMG0003157.jpg,546,732,E:/FracAtlas/images/Fractured/IMG0003157.jpg,373,454,hand,233.16940789473682,209.45230263157896,15.3075657894737,16.05427631578948,248.47697368421052,225.50657894736844,144.96991862880918,5,False,None
IMG0003164.jpg,547,733,E:/FracAtlas/images/Fractured/IMG0003164.jpg,373,454,hand,183.13980263157893,160.16940789473685,23.52138157894737,16.80098684210526,206.6611842105263,176.9703947368421,326.18231691481935,4,False,None
IMG0003165.jpg,548,734,E:/FracAtlas/images/Fractured/IMG0003165.jpg,373,454,hand,196.95394736842104,147.84868421052633,22.4013157894737,16.80098684210526,219.35526315789474,164.6496710526316,226.6548920100413,5,False,None
IMG0003171.jpg,549,735,E:/FracAtlas/images/Fractured/IMG0003171.jpg,373,454,hand,154.39144736842104,219.5328947368421,11.57401315789474,21.65460526315789,165.96546052631578,241.1875,200.51848841109745,5,False,None
IMG0003172.jpg,550,736,E:/FracAtlas/images/Fractured/IMG0003172.jpg,373,454,hand,162.97861842105263,197.50493421052633,19.04111842105263,26.50822368421052,182.01973684210526,224.01315789473685,203.58515976670697,5,False,None
IMG0003182.jpg,551,737,E:/FracAtlas/images/Fractured/IMG0003182.jpg,373,454,leg,147.29769736842104,107.1529605263158,51.52302631578948,111.25986842105264,198.82072368421052,218.41282894736844,3067.4380234483206,16,False,None
IMG0003183.jpg,552,738,E:/FracAtlas/images/Fractured/IMG0003183.jpg,373,454,leg,130.1233552631579,175.47697368421052,58.99013157894737,151.95559210526318,189.11348684210526,327.4325657894737,4835.792242414732,17,False,None
IMG0003184.jpg,553,739,E:/FracAtlas/images/Fractured/IMG0003184.jpg,454,373,leg,113.5049342105263,140.18174342105263,21.77878289473685,14.4169407894737,135.28371710526315,154.59868421052633,217.96302081079057,5,False,None
IMG0003199.jpg,554,740,E:/FracAtlas/images/Fractured/IMG0003199.jpg,454,373,hand,251.2327302631579,166.25493421052633,10.12253289473685,13.49671052631578,261.35526315789474,179.7516447368421,90.09263648881142,5,False,None
IMG0003199.jpg,554,741,E:/FracAtlas/images/Fractured/IMG0003199.jpg,454,373,hand,261.35526315789474,173.9235197368421,8.8955592105263,12.26973684210526,270.25082236842104,186.19325657894737,70.70978205884262,5,False,None
IMG0003200.jpg,555,742,E:/FracAtlas/images/Fractured/IMG0003200.jpg,373,454,hand,187.99342105263156,194.51809210526315,13.06743421052633,17.17434210526318,201.0608552631579,211.69243421052633,149.22144028090383,5,False,None
IMG0003201.jpg,556,743,E:/FracAtlas/images/Fractured/IMG0003201.jpg,373,454,hand,233.16940789473682,183.31743421052633,33.97532894736844,55.6299342105263,267.14473684210526,238.94736842105263,762.8344997078415,8,False,None
IMG0003213.jpg,557,744,E:/FracAtlas/images/Fractured/IMG0003213.jpg,373,454,hand,202.92763157894737,164.2763157894737,14.56085526315789,24.64144736842104,217.48848684210526,188.91776315789474,200.30939718230593,4,False,None
IMG0003214.jpg,558,745,E:/FracAtlas/images/Fractured/IMG0003214.jpg,454,373,hand,195.0986842105263,134.66036184210526,12.26973684210526,14.4169407894737,207.36842105263156,149.07730263157896,118.32009439653325,5,False,None
IMG0003217.jpg,559,746,E:/FracAtlas/images/Fractured/IMG0003217.jpg,373,454,hand,157.75164473684208,190.78453947368422,34.72203947368422,24.26809210526315,192.4736842105263,215.05263157894737,554.1614533738741,7,False,None
IMG0003218.jpg,560,747,E:/FracAtlas/images/Fractured/IMG0003218.jpg,373,454,hand,157.75164473684208,213.9325657894737,30.24177631578948,26.88157894736841,187.99342105263156,240.8141447368421,532.8341480371358,7,False,None
IMG0003219.jpg,561,748,E:/FracAtlas/images/Fractured/IMG0003219.jpg,373,454,leg,134.23026315789474,208.70559210526315,57.12335526315789,44.80263157894737,191.35361842105263,253.50822368421052,1476.462863573407,5,False,None
IMG0003219.jpg,561,749,E:/FracAtlas/images/Fractured/IMG0003219.jpg,373,454,leg,179.7796052631579,291.5904605263158,30.98848684210526,33.60197368421052,210.76809210526315,325.1924342105263,592.3554511664647,7,False,None
IMG0003220.jpg,562,750,E:/FracAtlas/images/Fractured/IMG0003220.jpg,373,454,leg,173.43256578947367,177.34375,40.32236842105263,49.28289473684211,213.7549342105263,226.6266447368421,777.8193711045715,4,False,None
IMG0003220.jpg,562,751,E:/FracAtlas/images/Fractured/IMG0003220.jpg,373,454,leg,174.92598684210526,251.26809210526315,23.89473684210526,41.44243421052633,198.82072368421052,292.7105263157895,556.1129715092629,5,False,None
IMG0003233.jpg,563,752,E:/FracAtlas/images/Fractured/IMG0003233.jpg,373,454,hand,216.74177631578945,177.34375,38.82894736842107,21.28125,255.57072368421052,198.625,452.68251033370785,8,False,None
IMG0003234.jpg,564,753,E:/FracAtlas/images/Fractured/IMG0003234.jpg,373,454,hand,200.6875,166.88980263157896,30.24177631578945,14.1875,230.92927631578945,181.07730263157896,305.6216794169836,5,False,None
IMG0003254.jpg,565,754,E:/FracAtlas/images/Fractured/IMG0003254.jpg,373,454,leg,177.53947368421052,246.41447368421052,22.40131578947367,30.6151315789474,199.9407894736842,277.0296052631579,425.8491359721262,5,False,None
IMG0003255.jpg,566,755,E:/FracAtlas/images/Fractured/IMG0003255.jpg,373,454,leg,181.64638157894737,260.22861842105266,14.93421052631578,23.14802631578948,196.58059210526315,283.37664473684214,212.43668845221634,5,False,None
IMG0003264.jpg,567,756,E:/FracAtlas/images/Fractured/IMG0003264.jpg,454,373,hand,246.93832236842104,208.8922697368421,24.53947368421052,31.28782894736841,271.47779605263156,240.18009868421052,467.68193176776776,6,False,None
IMG0003265.jpg,568,757,E:/FracAtlas/images/Fractured/IMG0003265.jpg,373,454,hand,218.60855263157893,185.9309210526316,25.76151315789474,22.77467105263156,244.37006578947367,208.70559210526315,362.4247965720226,6,False,None
IMG0003266.jpg,569,758,E:/FracAtlas/images/Fractured/IMG0003266.jpg,373,454,hand,144.68421052631578,198.625,23.14802631578948,23.52138157894737,167.83223684210526,222.14638157894737,348.34598716672417,5,False,None
IMG0003267.jpg,570,759,E:/FracAtlas/images/Fractured/IMG0003267.jpg,373,454,hand,192.8470394736842,243.05427631578948,19.78782894736844,24.64144736842104,212.63486842105263,267.6957236842105,307.43380339984515,6,False,None
IMG0003279.jpg,571,760,E:/FracAtlas/images/Fractured/IMG0003279.jpg,373,454,hand,158.4983552631579,129.55427631578948,20.53453947368422,27.2549342105263,179.0328947368421,156.80921052631578,335.2429368291198,6,False,None
IMG0003280.jpg,572,761,E:/FracAtlas/images/Fractured/IMG0003280.jpg,373,454,hand,165.21875,144.48848684210526,20.1611842105263,23.14802631578948,185.3799342105263,167.63651315789474,304.01864666291567,4,False,None
IMG0003293.jpg,573,762,E:/FracAtlas/images/Fractured/IMG0003293.jpg,373,454,hand,174.17927631578945,182.57072368421052,21.28125,25.76151315789474,195.46052631578945,208.33223684210526,348.7641696243072,5,False,None
IMG0003294.jpg,574,763,E:/FracAtlas/images/Fractured/IMG0003294.jpg,373,454,hand,180.15296052631578,173.61019736842107,36.21546052631578,31.36184210526315,216.36842105263156,204.97203947368422,577.1614885409441,7,False,None
IMG0003297.jpg,575,764,E:/FracAtlas/images/Fractured/IMG0003297.jpg,373,454,leg,217.11513157894737,272.92269736842104,28.74835526315789,14.560855263157919,245.86348684210526,287.48355263157896,320.5368537374484,5,False,None
IMG0003298.jpg,576,765,E:/FracAtlas/images/Fractured/IMG0003298.jpg,373,454,hand,174.55263157894737,229.98684210526315,16.80098684210526,21.65460526315792,191.35361842105263,251.64144736842107,168.0396508721435,4,False,None
IMG0003301.jpg,577,766,E:/FracAtlas/images/Fractured/IMG0003301.jpg,373,454,hand,215.62171052631578,129.92763157894737,11.57401315789474,22.02796052631578,227.19572368421052,151.95559210526315,131.30929168109424,4,False,None
IMG0003308.jpg,578,767,E:/FracAtlas/images/Fractured/IMG0003308.jpg,373,454,leg,152.15131578947367,260.22861842105266,47.78947368421052,38.45559210526312,199.9407894736842,298.6842105263158,787.925447162829,10,False,None
IMG0003309.jpg,579,768,E:/FracAtlas/images/Fractured/IMG0003309.jpg,454,373,leg,276.99917763157896,228.83059210526315,45.39802631578948,23.00575657894737,322.39720394736844,251.83634868421052,479.1140522203964,11,False,None
IMG0003310.jpg,580,769,E:/FracAtlas/images/Fractured/IMG0003310.jpg,373,454,hand,214.5016447368421,196.01151315789474,12.69407894736841,24.64144736842104,227.19572368421052,220.65296052631578,162.46388477103528,5,False,None
IMG0003311.jpg,581,770,E:/FracAtlas/images/Fractured/IMG0003311.jpg,373,454,hand,198.07401315789474,203.10526315789474,19.78782894736841,26.88157894736841,217.86184210526315,229.98684210526315,240.03673065270016,6,False,None
IMG0003312.jpg,582,771,E:/FracAtlas/images/Fractured/IMG0003312.jpg,373,454,hand,178.2861842105263,213.1858552631579,14.1875,28.375,192.4736842105263,241.5608552631579,295.3762092061979,5,False,None
IMG0003313.jpg,583,772,E:/FracAtlas/images/Fractured/IMG0003313.jpg,373,454,hand,150.65789473684208,212.8125,11.20065789473685,19.78782894736844,161.85855263157893,232.60032894736844,113.25774892875688,4,False,None
IMG0003331.jpg,584,773,E:/FracAtlas/images/Fractured/IMG0003331.jpg,373,454,leg,201.80756578947367,252.01480263157896,23.89473684210526,14.560855263157862,225.70230263157893,266.5756578947368,286.59437759695265,5,False,None
IMG0003332.jpg,585,774,E:/FracAtlas/images/Fractured/IMG0003332.jpg,373,454,leg,164.0986842105263,247.53453947368422,23.14802631578948,15.680921052631561,187.24671052631578,263.2154605263158,240.2458218814918,5,False,None
IMG0003338.jpg,586,775,E:/FracAtlas/images/Fractured/IMG0003338.jpg,373,454,leg,223.46217105263156,261.7220394736842,9.70723684210526,30.61513157894734,233.16940789473682,292.33717105263156,254.25493421052573,4,False,None
IMG0003338.jpg,586,776,E:/FracAtlas/images/Fractured/IMG0003338.jpg,373,454,leg,183.13980263157893,196.01151315789474,19.41447368421052,20.16118421052633,202.55427631578945,216.17269736842107,288.1974103510213,6,False,None
IMG0003339.jpg,587,777,E:/FracAtlas/images/Fractured/IMG0003339.jpg,373,454,leg,220.8486842105263,175.10361842105263,16.05427631578948,21.65460526315789,236.90296052631578,196.75822368421052,236.3427856107171,4,False,None
IMG0003341.jpg,588,778,E:/FracAtlas/images/Fractured/IMG0003341.jpg,454,373,hip,332.51973684210526,315.33223684210526,66.8700657894737,57.66776315789474,399.38980263157896,373.0,2043.950227098123,9,False,None
IMG0003341.jpg,588,779,E:/FracAtlas/images/Fractured/IMG0003341.jpg,454,373,hip,50.62253289473682,214.41365131578948,67.48355263157895,80.36677631578948,118.10608552631577,294.78042763157896,2666.083399384306,11,False,None
IMG0003342.jpg,589,780,E:/FracAtlas/images/Fractured/IMG0003342.jpg,373,454,hip,183.88651315789474,191.9046052631579,69.8174342105263,122.46052631578951,253.70394736842104,314.3651315789474,2670.7919624307474,9,False,None
IMG0003373.jpg,590,781,E:/FracAtlas/images/Fractured/IMG0003373.jpg,373,454,hand,209.64802631578945,230.36019736842107,14.560855263157919,16.80098684210526,224.20888157894737,247.16118421052633,171.24571638028056,5,False,None
IMG0003373.jpg,590,782,E:/FracAtlas/images/Fractured/IMG0003373.jpg,373,454,hand,199.9407894736842,153.07565789473685,13.06743421052633,21.28125,213.00822368421052,174.35690789473685,136.25778409582745,4,False,None
IMG0003374.jpg,591,783,E:/FracAtlas/images/Fractured/IMG0003374.jpg,373,454,hand,221.2220394736842,160.91611842105263,29.86842105263159,29.12171052631581,251.09046052631578,190.03782894736844,522.4492836738232,6,False,None
IMG0003381.jpg,592,784,E:/FracAtlas/images/Fractured/IMG0003381.jpg,373,454,hand,90.54769736842104,153.82236842105263,29.495065789473685,23.89473684210526,120.04276315789473,177.7171052631579,541.6159796463814,6,False,None
IMG0003382.jpg,593,785,E:/FracAtlas/images/Fractured/IMG0003382.jpg,373,454,hand,122.65624999999999,157.5559210526316,25.388157894736835,20.53453947368419,148.04440789473682,178.09046052631578,331.47929471087195,7,False,None
IMG0003383.jpg,594,786,E:/FracAtlas/images/Fractured/IMG0003383.jpg,373,454,hand,124.89638157894736,173.23684210526315,28.375000000000014,23.89473684210529,153.27138157894737,197.13157894736844,537.8523375281341,6,False,None
IMG0003394.jpg,595,787,E:/FracAtlas/images/Fractured/IMG0003394.jpg,373,454,hand,174.17927631578945,204.59868421052633,14.1875,22.02796052631578,188.36677631578945,226.6266447368421,232.1609610348853,5,False,None
IMG0003394.jpg,595,788,E:/FracAtlas/images/Fractured/IMG0003394.jpg,373,454,hand,187.99342105263156,201.98519736842107,13.81414473684211,19.04111842105263,201.80756578947367,221.0263157894737,154.2396297719015,6,False,None
IMG0003395.jpg,596,789,E:/FracAtlas/images/Fractured/IMG0003395.jpg,373,454,hand,224.20888157894737,290.0970394736842,9.33388157894737,12.694078947368439,233.54276315789474,302.79111842105266,96.46075354916866,5,False,None
IMG0003395.jpg,596,790,E:/FracAtlas/images/Fractured/IMG0003395.jpg,373,454,hand,204.79440789473682,280.38980263157896,11.20065789473685,28.748355263157862,215.99506578947367,309.1381578947368,184.418463794148,4,False,None
IMG0003396.jpg,597,791,E:/FracAtlas/images/Fractured/IMG0003396.jpg,373,454,hand,190.23355263157893,144.11513157894737,30.98848684210526,20.53453947368422,221.2220394736842,164.6496710526316,318.0974560682132,8,False,None
IMG0003397.jpg,598,792,E:/FracAtlas/images/Fractured/IMG0003397.jpg,373,454,hand,183.13980263157893,146.35526315789474,33.60197368421052,20.53453947368422,216.74177631578945,166.88980263157896,404.66122478791544,8,False,None
IMG0003398.jpg,599,793,E:/FracAtlas/images/Fractured/IMG0003398.jpg,373,454,hand,185.3799342105263,196.75822368421052,12.694078947368439,28.375,198.07401315789474,225.13322368421052,218.29124285837952,6,False,None
IMG0003399.jpg,600,794,E:/FracAtlas/images/Fractured/IMG0003399.jpg,373,454,hand,124.89638157894736,242.6809210526316,14.934210526315795,17.54769736842107,139.83059210526315,260.22861842105266,208.32456095264888,5,False,None
IMG0003419.jpg,601,795,E:/FracAtlas/images/Fractured/IMG0003419.jpg,373,454,hand,150.65789473684208,161.28947368421052,30.61513157894737,42.18914473684211,181.27302631578945,203.47861842105263,771.8951196221442,8,False,None
IMG0003420.jpg,602,796,E:/FracAtlas/images/Fractured/IMG0003420.jpg,454,373,hand,314.1151315789474,165.9481907894737,25.459703947368382,21.16529605263156,339.5748355263158,187.11348684210526,304.24495048205904,6,False,None
IMG0003458.jpg,603,797,E:/FracAtlas/images/Fractured/IMG0003458.jpg,373,454,leg,144.3108552631579,171.7434210526316,40.32236842105263,72.80427631578948,184.63322368421052,244.54769736842107,1295.7383448212422,7,False,None
IMG0003459.jpg,604,798,E:/FracAtlas/images/Fractured/IMG0003459.jpg,373,454,leg,152.15131578947367,133.66118421052633,46.66940789473685,91.84539473684211,198.82072368421052,225.50657894736844,1527.4811233985492,9,False,None
IMG0003466.jpg,605,799,E:/FracAtlas/images/Fractured/IMG0003466.jpg,373,454,leg,151.77796052631578,189.66447368421052,22.40131578947367,38.08223684210529,174.17927631578945,227.7467105263158,442.64613135171385,6,False,None
IMG0003467.jpg,606,800,E:/FracAtlas/images/Fractured/IMG0003467.jpg,373,454,leg,180.15296052631578,141.12828947368422,23.52138157894737,39.94901315789474,203.67434210526315,181.07730263157896,486.346198169148,6,False,None
IMG0003477.jpg,607,801,E:/FracAtlas/images/Fractured/IMG0003477.jpg,373,454,hand,267.14473684210526,211.69243421052633,11.947368421052602,14.1875,279.09210526315786,225.87993421052633,98.20318045576528,5,False,None
IMG0003509.jpg,608,802,E:/FracAtlas/images/Fractured/IMG0003509.jpg,373,454,hand,215.2483552631579,216.17269736842107,29.49506578947367,15.680921052631561,244.74342105263156,231.85361842105263,316.4247262378808,5,False,None
IMG0003510.jpg,609,803,E:/FracAtlas/images/Fractured/IMG0003510.jpg,373,454,hand,204.42105263157893,224.38651315789474,21.65460526315789,10.82730263157896,226.07565789473682,235.2138157894737,177.5881503202911,4,False,None
IMG0003519.jpg,610,804,E:/FracAtlas/images/Fractured/IMG0003519.jpg,373,454,leg,205.16776315789474,192.27796052631578,18.29440789473682,36.21546052631581,223.46217105263156,228.4934210526316,472.9643595264888,5,False,None
IMG0003520.jpg,611,805,E:/FracAtlas/images/Fractured/IMG0003520.jpg,373,454,leg,170.07236842105263,152.32894736842107,23.52138157894737,44.42927631578945,193.59375,196.75822368421052,534.2280895624134,6,False,None
IMG0003523.jpg,612,806,E:/FracAtlas/images/Fractured/IMG0003523.jpg,373,454,leg,206.6611842105263,126.19407894736842,19.41447368421052,34.348684210526315,226.07565789473682,160.54276315789474,419.5763991083795,6,False,None
IMG0003524.jpg,613,807,E:/FracAtlas/images/Fractured/IMG0003524.jpg,373,454,leg,177.9128289473684,120.59375,13.44078947368422,39.20230263157896,191.35361842105263,159.79605263157896,357.12781877597035,4,False,None
IMG0003545.jpg,614,808,E:/FracAtlas/images/Fractured/IMG0003545.jpg,373,454,leg,161.11184210526315,233.7203947368421,15.68092105263159,42.56250000000003,176.79276315789474,276.28289473684214,463.8340425359247,5,False,None
IMG0003564.jpg,615,809,E:/FracAtlas/images/Fractured/IMG0003564.jpg,373,454,hand,238.02302631578948,228.86677631578948,36.21546052631578,18.29440789473685,274.23848684210526,247.16118421052633,428.2885336413611,5,False,None
IMG0003565.jpg,616,810,E:/FracAtlas/images/Fractured/IMG0003565.jpg,373,454,hand,193.59375,225.87993421052633,19.41447368421052,15.680921052631561,213.00822368421052,241.5608552631579,186.36998192953615,5,False,None
IMG0003569.jpg,617,811,E:/FracAtlas/images/Fractured/IMG0003569.jpg,373,454,leg,215.99506578947367,192.6513157894737,21.28125,23.52138157894737,237.27631578947367,216.17269736842107,319.83988297480937,6,False,None
IMG0003586.jpg,618,812,E:/FracAtlas/images/Fractured/IMG0003586.jpg,373,454,hand,180.89967105263156,113.12664473684211,35.84210526315789,23.14802631578948,216.74177631578945,136.2746710526316,450.87038635084855,6,False,None
IMG0003586.jpg,618,813,E:/FracAtlas/images/Fractured/IMG0003586.jpg,373,454,hand,219.72861842105263,133.66118421052633,19.04111842105263,15.680921052631561,238.76973684210526,149.3421052631579,151.8699291789295,6,False,None
IMG0003587.jpg,619,814,E:/FracAtlas/images/Fractured/IMG0003587.jpg,373,454,hand,156.6315789473684,154.5690789473684,36.5888157894737,23.89473684210529,193.2203947368421,178.4638157894737,549.8402346455161,6,False,None
IMG0003588.jpg,620,815,E:/FracAtlas/images/Fractured/IMG0003588.jpg,373,454,leg,208.90131578947367,170.25,31.36184210526315,112.00657894736844,240.26315789473682,282.25657894736844,1845.3694882379696,7,False,None
IMG0003589.jpg,621,816,E:/FracAtlas/images/Fractured/IMG0003589.jpg,373,454,leg,162.23190789473682,157.1825657894737,47.04276315789474,71.68421052631578,209.27467105263156,228.86677631578948,1327.3111203687654,7,False,None
IMG0003619.jpg,622,817,E:/FracAtlas/images/Fractured/IMG0003619.jpg,373,454,hand,121.16282894736841,321.0855263157895,12.69407894736841,17.17434210526318,133.85690789473682,338.25986842105266,158.7699397290516,4,False,None
IMG0003620.jpg,623,818,E:/FracAtlas/images/Fractured/IMG0003620.jpg,373,454,hand,108.0953947368421,375.2220394736842,14.1875,25.01480263157896,122.2828947368421,400.2368421052632,194.73363108119815,5,False,None
IMG0003625.jpg,624,819,E:/FracAtlas/images/Fractured/IMG0003625.jpg,373,454,leg,207.4078947368421,262.09539473684214,19.78782894736841,32.48190789473682,227.19572368421052,294.57730263157896,403.05819203384544,6,False,None
IMG0003626.jpg,625,820,E:/FracAtlas/images/Fractured/IMG0003626.jpg,373,454,leg,210.39473684210526,232.97368421052633,19.04111842105263,31.36184210526315,229.4358552631579,264.3355263157895,411.77032656682877,6,False,None
IMG0003628.jpg,626,821,E:/FracAtlas/images/Fractured/IMG0003628.jpg,454,373,hand,347.2434210526316,212.87993421052633,11.65625,14.7236842105263,358.8996710526316,227.60361842105263,109.00503328698483,4,False,None
IMG0003653.jpg,627,822,E:/FracAtlas/images/Fractured/IMG0003653.jpg,373,454,hand,130.1233552631579,138.51480263157896,25.76151315789474,19.04111842105263,155.88486842105263,157.5559210526316,289.17316941871513,5,False,None
IMG0003654.jpg,628,823,E:/FracAtlas/images/Fractured/IMG0003654.jpg,373,454,hand,167.83223684210526,182.19736842105263,32.48190789473685,22.77467105263159,200.3141447368421,204.97203947368422,424.3854973705852,8,False,None
IMG0003671.jpg,629,824,E:/FracAtlas/images/Fractured/IMG0003671.jpg,373,454,hand,210.84818481848185,162.1963696369637,20.227722772277218,21.351485148514854,231.07590759075907,183.54785478547856,259.93495327255505,4,False,None
IMG0003685.jpg,630,825,E:/FracAtlas/images/Fractured/IMG0003685.jpg,373,454,leg,193.59375,212.4391447368421,36.21546052631578,42.5625,229.80921052631578,255.0016447368421,866.33465795966,5,False,None
IMG0003686.jpg,631,826,E:/FracAtlas/images/Fractured/IMG0003686.jpg,373,454,leg,180.52631578947367,200.86513157894737,36.21546052631578,27.62828947368422,216.74177631578945,228.4934210526316,789.5284799168975,6,False,None
IMG0003703.jpg,632,827,E:/FracAtlas/images/Fractured/IMG0003703.jpg,373,454,leg,154.76480263157893,181.07730263157896,21.28125,37.70888157894737,176.04605263157893,218.78618421052633,426.0582272009169,6,False,None
IMG0003704.jpg,633,828,E:/FracAtlas/images/Fractured/IMG0003704.jpg,373,454,leg,177.9128289473684,138.51480263157896,21.65460526315789,26.88157894736841,199.5674342105263,165.39638157894737,395.1127253397681,5,False,None
IMG0003712.jpg,634,829,E:/FracAtlas/images/Fractured/IMG0003712.jpg,373,454,hand,157.3782894736842,206.46546052631578,11.57401315789474,16.05427631578948,168.95230263157893,222.51973684210526,148.45477244200205,4,False,None
IMG0003713.jpg,635,830,E:/FracAtlas/images/Fractured/IMG0003713.jpg,373,454,hand,157.0049342105263,253.50822368421052,13.06743421052633,12.694078947368439,170.07236842105263,266.20230263157896,123.92140159712574,5,False,None
IMG0003733.jpg,636,831,E:/FracAtlas/images/Fractured/IMG0003733.jpg,373,454,hand,171.1924342105263,133.66118421052633,11.57401315789474,19.04111842105263,182.76644736842104,152.70230263157896,136.95475485846623,6,False,None
IMG0003734.jpg,637,832,E:/FracAtlas/images/Fractured/IMG0003734.jpg,373,454,hand,148.41776315789474,172.86348684210526,14.1875,17.17434210526318,162.60526315789474,190.03782894736844,166.50631519433864,5,False,None
IMG0003766.jpg,638,833,E:/FracAtlas/images/Fractured/IMG0003766.jpg,373,454,leg,124.52302631578947,162.40953947368422,46.296052631578945,134.40789473684208,170.8190789473684,296.8174342105263,2812.346724322629,8,False,None
IMG0003767.jpg,639,834,E:/FracAtlas/images/Fractured/IMG0003767.jpg,373,454,leg,134.60361842105263,224.01315789473685,17.92105263157893,69.44407894736841,152.52467105263156,293.45723684210526,746.4556867858364,4,False,None
IMG0003767.jpg,639,835,E:/FracAtlas/images/Fractured/IMG0003767.jpg,373,454,leg,137.2171052631579,193.0246710526316,53.38980263157893,39.94901315789474,190.60690789473682,232.97368421052633,1053.0531252705164,11,False,None
IMG0003770.jpg,640,836,E:/FracAtlas/images/Fractured/IMG0003770.jpg,373,454,hand,142.4440789473684,382.68914473684214,17.54769736842104,15.307565789473642,159.99177631578945,397.9967105263158,222.12458205289147,4,False,None
IMG0003771.jpg,641,837,E:/FracAtlas/images/Fractured/IMG0003771.jpg,454,373,hand,409.2055921052632,169.9358552631579,12.26973684210526,11.65625,421.47532894736844,181.5921052631579,115.82666894801787,4,False,None
IMG0003774.jpg,642,838,E:/FracAtlas/images/Fractured/IMG0003774.jpg,373,454,hand,201.10891089108912,121.74092409240926,22.100660066006583,19.103960396039597,223.2095709570957,140.84488448844886,265.1266365497936,5,False,None
IMG0003785.jpg,643,839,E:/FracAtlas/images/Fractured/IMG0003785.jpg,373,454,hand,189.48684210526315,123.58059210526316,20.53453947368422,36.215460526315795,210.02138157894737,159.79605263157896,474.21890689923794,7,False,None
IMG0003785.jpg,643,840,E:/FracAtlas/images/Fractured/IMG0003785.jpg,373,454,hand,159.24506578947367,158.30263157894737,34.72203947368422,18.66776315789474,193.9671052631579,176.9703947368421,414.4188154648546,7,False,None
IMG0003786.jpg,644,841,E:/FracAtlas/images/Fractured/IMG0003786.jpg,373,454,hand,163.35197368421052,148.96875,34.72203947368422,26.13486842105263,198.07401315789474,175.10361842105263,603.7857716737357,6,False,None
IMG0003797.jpg,645,842,E:/FracAtlas/images/Fractured/IMG0003797.jpg,373,454,leg,209.27467105263156,207.2121710526316,26.88157894736844,30.24177631578948,236.15625,237.45394736842107,345.34901288737865,6,False,None
IMG0003798.jpg,646,843,E:/FracAtlas/images/Fractured/IMG0003798.jpg,373,454,leg,201.80756578947367,227.3733552631579,27.62828947368422,37.33552631578951,229.4358552631579,264.7088815789474,362.77328195334303,5,False,None
IMG0003803.jpg,647,844,E:/FracAtlas/images/Fractured/IMG0003803.jpg,373,454,leg,154.39144736842104,191.1578947368421,16.42763157894737,23.14802631578948,170.8190789473684,214.3059210526316,236.9700592970912,4,False,None
IMG0003810.jpg,648,845,E:/FracAtlas/images/Fractured/IMG0003810.jpg,454,373,hand,122.40049342105262,200.61019736842104,11.349506578947356,16.25740131578948,133.74999999999997,216.86759868421052,115.59144013211983,5,False,None
IMG0003812.jpg,649,846,E:/FracAtlas/images/Fractured/IMG0003812.jpg,373,454,hand,192.8470394736842,157.5559210526316,23.14802631578948,13.440789473684191,215.99506578947367,170.99671052631578,237.03975637335526,5,False,None
IMG0003813.jpg,650,847,E:/FracAtlas/images/Fractured/IMG0003813.jpg,373,454,hand,221.96875,164.6496710526316,26.88157894736841,16.42763157894737,248.8503289473684,181.07730263157896,343.67628305704625,5,False,None
IMG0003819.jpg,651,848,E:/FracAtlas/images/Fractured/IMG0003819.jpg,373,454,hand,162.23190789473682,236.33388157894737,32.85526315789474,28.00164473684211,195.08717105263156,264.3355263157895,413.861238854744,5,False,None
IMG0003820.jpg,652,849,E:/FracAtlas/images/Fractured/IMG0003820.jpg,373,454,leg,272.3717105263158,231.10690789473685,20.90789473684208,21.28125,293.27960526315786,252.38815789473685,337.7520315746183,5,False,None
IMG0003821.jpg,653,850,E:/FracAtlas/images/Fractured/IMG0003821.jpg,373,454,leg,263.7845394736842,415.17105263157896,28.748355263157862,26.1348684210526,292.5328947368421,441.30592105263156,374.2036024606123,6,False,None
IMG0003843.jpg,654,851,E:/FracAtlas/images/Fractured/IMG0003843.jpg,373,454,leg,189.86019736842104,219.5328947368421,30.98848684210526,73.17763157894737,220.8486842105263,292.7105263157895,1207.850331652527,5,False,None
IMG0003844.jpg,655,852,E:/FracAtlas/images/Fractured/IMG0003844.jpg,373,454,leg,197.32730263157893,203.47861842105263,24.64144736842107,51.89638157894737,221.96875,255.375,677.5252783608898,7,False,None
IMG0003847.jpg,656,853,E:/FracAtlas/images/Fractured/IMG0003847.jpg,373,454,leg,162.60526315789474,233.7203947368421,29.49506578947367,23.14802631578945,192.1003289473684,256.86842105263156,431.14611376817857,5,False,None
IMG0003848.jpg,657,854,E:/FracAtlas/images/Fractured/IMG0003848.jpg,373,454,leg,205.91447368421052,217.29276315789474,24.26809210526315,21.65460526315789,230.18256578947367,238.94736842105263,298.9307600956545,5,False,None
IMG0003851.jpg,658,855,E:/FracAtlas/images/Fractured/IMG0003851.jpg,373,454,leg,134.23026315789474,214.67927631578948,19.41447368421052,20.90789473684211,153.64473684210526,235.5871710526316,250.7003833210697,5,False,None
IMG0003852.jpg,659,856,E:/FracAtlas/images/Fractured/IMG0003852.jpg,373,454,leg,113.69572368421052,197.87828947368422,17.92105263157893,29.86842105263159,131.61677631578945,227.7467105263158,267.1488933193384,5,False,None
IMG0003870.jpg,660,857,E:/FracAtlas/images/Fractured/IMG0003870.jpg,373,454,hand,186.8733552631579,163.5296052631579,32.48190789473685,21.28125,219.35526315789474,184.8108552631579,368.8369275882959,7,False,None
IMG0003871.jpg,661,858,E:/FracAtlas/images/Fractured/IMG0003871.jpg,373,454,hand,232.04934210526315,149.3421052631579,25.76151315789471,18.29440789473685,257.81085526315786,167.63651315789474,320.6065508137116,5,False,None
IMG0003892.jpg,662,859,E:/FracAtlas/images/Fractured/IMG0003892.jpg,373,454,leg,83.86303630363035,162.5709570957096,74.91749174917494,50.94389438943895,158.7805280528053,213.51485148514854,2295.2852715964677,6,False,None
IMG0003893.jpg,663,860,E:/FracAtlas/images/Fractured/IMG0003893.jpg,373,454,leg,106.33828382838283,167.81518151815183,44.5759075907591,49.07095709570959,150.91419141914193,216.88613861386142,1165.8836851506944,7,False,None
IMG0003905.jpg,664,861,E:/FracAtlas/images/Fractured/IMG0003905.jpg,373,454,hand,127.50986842105262,123.20723684210526,16.427631578947384,29.12171052631581,143.9375,152.32894736842107,321.37321865261447,5,False,None
IMG0003905.jpg,664,862,E:/FracAtlas/images/Fractured/IMG0003905.jpg,373,454,hand,145.80427631578945,111.63322368421053,20.53453947368422,19.414473684210535,166.33881578947367,131.04769736842107,301.02167238357003,7,False,None
IMG0003906.jpg,665,863,E:/FracAtlas/images/Fractured/IMG0003906.jpg,373,454,hand,148.41776315789474,123.20723684210526,17.92105263157893,27.62828947368422,166.33881578947367,150.83552631578948,356.29145386080313,5,False,None
IMG0003906.jpg,665,864,E:/FracAtlas/images/Fractured/IMG0003906.jpg,373,454,hand,158.4983552631579,106.03289473684211,19.41447368421052,19.787828947368425,177.9128289473684,125.82072368421053,248.60947103315448,6,False,None
IMG0003924.jpg,666,865,E:/FracAtlas/images/Fractured/IMG0003924.jpg,373,454,leg,177.53947368421052,245.29440789473685,36.58881578947367,92.21875000000003,214.1282894736842,337.5131578947369,1327.2414232925053,13,False,None
IMG0003925.jpg,667,866,E:/FracAtlas/images/Fractured/IMG0003925.jpg,373,454,leg,170.8190789473684,188.91776315789474,46.29605263157896,88.11184210526318,217.11513157894737,277.0296052631579,1384.7415112101785,15,False,None
IMG0003926.jpg,668,867,E:/FracAtlas/images/Fractured/IMG0003926.jpg,373,454,hand,186.8733552631579,188.91776315789474,28.375,42.93585526315789,215.2483552631579,231.85361842105263,731.7496036941648,5,False,None
IMG0003927.jpg,669,868,E:/FracAtlas/images/Fractured/IMG0003927.jpg,373,454,hand,216.36842105263156,202.35855263157896,32.48190789473685,53.76315789473682,248.8503289473684,256.1217105263158,1059.9531358206386,7,False,None
IMG0003932.jpg,670,869,E:/FracAtlas/images/Fractured/IMG0003932.jpg,373,454,leg,210.76809210526315,298.6842105263158,20.1611842105263,38.08223684210526,230.92927631578945,336.76644736842104,437.97642724203615,6,False,None
IMG0003942.jpg,671,870,E:/FracAtlas/images/Fractured/IMG0003942.jpg,373,454,hand,145.43092105263156,146.35526315789474,29.86842105263159,22.77467105263159,175.29934210526315,169.12993421052633,484.1855888049685,6,False,None
IMG0003943.jpg,672,871,E:/FracAtlas/images/Fractured/IMG0003943.jpg,373,454,hand,167.83223684210526,141.875,25.76151315789474,23.52138157894737,193.59375,165.39638157894737,404.2430423303322,6,False,None
IMG0003952.jpg,673,872,E:/FracAtlas/images/Fractured/IMG0003952.jpg,373,454,hand,198.07401315789474,105.28618421052632,13.814144736842081,18.66776315789474,211.88815789473682,123.95394736842105,133.8183864265926,4,False,None
IMG0003953.jpg,674,873,E:/FracAtlas/images/Fractured/IMG0003953.jpg,373,454,hand,238.39638157894737,195.26480263157896,14.1875,29.12171052631578,252.58388157894737,224.38651315789474,322.90655433041866,6,False,None
IMG0003954.jpg,675,874,E:/FracAtlas/images/Fractured/IMG0003954.jpg,373,454,leg,197.32730263157893,257.2417763157895,19.41447368421052,34.72203947368422,216.74177631578945,291.9638157894737,506.2098649043455,6,False,None
IMG0003955.jpg,676,875,E:/FracAtlas/images/Fractured/IMG0003955.jpg,373,454,leg,199.15371621621622,279.1486486486487,19.939189189189193,27.60810810810807,219.09290540540542,306.7567567567568,385.4412250616324,6,False,None
IMG0004007.jpg,677,876,E:/FracAtlas/images/Fractured/IMG0004007.jpg,373,454,leg,219.85979729729732,216.64695945945948,23.006756756756744,69.40371621621625,242.86655405405406,286.05067567567573,1163.6016994612874,6,False,None
IMG0004008.jpg,678,877,E:/FracAtlas/images/Fractured/IMG0004008.jpg,373,454,leg,178.8310810810811,201.6925675675676,37.194256756756744,77.83952702702703,216.02533783783784,279.53209459459464,1145.6639426588754,5,False,None
IMG0004009.jpg,679,878,E:/FracAtlas/images/Fractured/IMG0004009.jpg,373,454,hand,147.38851351351352,108.13175675675677,34.893581081081095,21.856418918918934,182.2820945945946,129.9881756756757,543.8669050173485,7,False,None
IMG0004009.jpg,679,879,E:/FracAtlas/images/Fractured/IMG0004009.jpg,373,454,hand,178.8310810810811,112.73310810810813,24.923986486486484,27.22466216216216,203.75506756756758,139.9577702702703,420.4345539056799,7,False,None
IMG0004010.jpg,680,880,E:/FracAtlas/images/Fractured/IMG0004010.jpg,373,454,hand,173.0793918918919,151.07770270270274,34.893581081081095,27.991554054054035,207.972972972973,179.06925675675677,713.9080176565931,6,False,None
IMG0004010.jpg,680,881,E:/FracAtlas/images/Fractured/IMG0004010.jpg,373,454,hand,201.83783783783784,157.97972972972974,20.706081081081095,22.623310810810835,222.54391891891893,180.60304054054058,327.58460783418514,6,False,None
IMG0004042.jpg,681,882,E:/FracAtlas/images/Fractured/IMG0004042.jpg,373,454,hand,179.21452702702703,149.54391891891893,19.17229729729729,19.17229729729732,198.38682432432432,168.71621621621625,258.1860733199421,4,False,None
IMG0004043.jpg,682,883,E:/FracAtlas/images/Fractured/IMG0004043.jpg,373,454,hand,199.92060810810813,157.5962837837838,21.47297297297297,14.1875,221.3935810810811,171.7837837837838,265.5376129930603,4,False,None
IMG0004043.jpg,682,884,E:/FracAtlas/images/Fractured/IMG0004043.jpg,373,454,hand,225.22804054054055,151.46114864864867,10.736486486486484,20.32263513513513,235.96452702702703,171.7837837837838,136.44457633308957,5,False,None
IMG0004044.jpg,683,885,E:/FracAtlas/images/Fractured/IMG0004044.jpg,373,454,hand,201.83783783783784,186.35472972972977,17.25506756756758,21.089527027027003,219.09290540540542,207.44425675675677,239.6601933436816,4,False,None
IMG0004045.jpg,684,886,E:/FracAtlas/images/Fractured/IMG0004045.jpg,373,454,hand,196.85304054054055,146.47635135135138,21.47297297297297,21.856418918918905,218.32601351351352,168.3327702702703,355.37342779857465,4,False,None
IMG0004061.jpg,685,887,E:/FracAtlas/images/Fractured/IMG0004061.jpg,373,454,hand,230.5962837837838,340.50000000000006,18.40540540540539,19.939189189189165,249.0016891891892,360.4391891891892,242.30674762600347,4,False,None
IMG0004067.jpg,686,888,E:/FracAtlas/images/Fractured/IMG0004067.jpg,373,454,hand,148.9222972972973,153.3783783783784,37.961148648648674,53.68243243243245,186.88344594594597,207.06081081081084,966.5804362216959,7,False,None
IMG0004068.jpg,687,889,E:/FracAtlas/images/Fractured/IMG0004068.jpg,373,454,hand,137.41891891891893,111.96621621621622,44.86317567567568,62.88513513513516,182.2820945945946,174.85135135135138,1537.6480380295843,9,False,None
IMG0004071.jpg,688,890,E:/FracAtlas/images/Fractured/IMG0004071.jpg,454,373,hand,273.625,111.52195945945948,32.133445945945994,40.6393581081081,305.758445945946,152.16131756756758,656.911159919421,4,False,None
IMG0004072.jpg,689,891,E:/FracAtlas/images/Fractured/IMG0004072.jpg,454,373,hand,224.16469594594597,141.45016891891893,30.243243243243256,34.023648648648646,254.40793918918922,175.47381756756758,445.02034160427456,3,False,None
IMG0004072.jpg,689,892,E:/FracAtlas/images/Fractured/IMG0004072.jpg,454,373,hand,280.2407094594595,235.64527027027032,19.217060810810835,18.902027027027003,299.4577702702703,254.54729729729732,184.59808996073752,4,False,None
IMG0004113.jpg,690,893,E:/FracAtlas/images/Fractured/IMG0004113.jpg,373,454,leg,194.55236486486487,238.50337837837841,45.24662162162164,91.64358108108107,239.7989864864865,330.1469594594595,2416.6716367444315,5,False,None
IMG0004114.jpg,691,894,E:/FracAtlas/images/Fractured/IMG0004114.jpg,373,454,leg,132.81756756756758,125.38682432432434,36.043918918918905,101.99662162162163,168.86148648648648,227.38344594594597,2143.635453284787,5,False,None
IMG0004116.jpg,692,895,E:/FracAtlas/images/Fractured/IMG0004116.jpg,373,454,hand,155.82432432432432,253.07432432432435,21.08952702702703,19.17229729729732,176.91385135135135,272.24662162162167,304.4272578638616,5,False,None
IMG0004117.jpg,693,896,E:/FracAtlas/images/Fractured/IMG0004117.jpg,373,454,hand,253.60304054054055,320.94425675675683,21.08952702702706,19.555743243243228,274.6925675675676,340.50000000000006,293.5469791476445,4,False,None
IMG0004150.jpg,694,897,E:/FracAtlas/images/Fractured/IMG0004150.jpg,373,454,leg,196.85304054054055,202.45945945945948,16.871621621621614,33.743243243243256,213.72466216216216,236.20270270270274,292.8853405770634,4,False,None
IMG0004151.jpg,695,898,E:/FracAtlas/images/Fractured/IMG0004151.jpg,373,454,leg,177.68074324324326,225.8496621621622,11.886824324324323,41.02871621621625,189.56756756756758,266.87837837837844,388.234810137418,6,False,None
IMG0004151.jpg,695,899,E:/FracAtlas/images/Fractured/IMG0004151.jpg,373,454,leg,197.61993243243245,167.94932432432435,19.555743243243228,106.21452702702706,217.17567567567568,274.1638513513514,1277.3300182044359,5,False,None
IMG0004187.jpg,696,900,E:/FracAtlas/images/Fractured/IMG0004187.jpg,373,454,hand,227.52871621621622,148.01013513513516,16.10472972972974,16.871621621621614,243.63344594594597,164.88175675675677,194.815801337656,5,False,None
IMG0004206.jpg,697,901,E:/FracAtlas/images/Fractured/IMG0004206.jpg,373,454,hand,199.15371621621622,203.60979729729732,35.27702702702703,20.706081081081095,234.43074324324326,224.31587837837841,569.082686096147,6,False,None
IMG0004207.jpg,698,902,E:/FracAtlas/images/Fractured/IMG0004207.jpg,373,454,hand,175.38006756756758,213.19594594594597,26.841216216216225,20.322635135135158,202.2212837837838,233.51858108108112,459.6182603634045,6,False,None
IMG0004208.jpg,699,903,E:/FracAtlas/images/Fractured/IMG0004208.jpg,373,454,leg,176.91385135135135,210.12837837837841,33.35979729729732,36.81081081081081,210.27364864864867,246.93918918918922,782.7919443937192,5,False,None
IMG0004209.jpg,700,904,E:/FracAtlas/images/Fractured/IMG0004209.jpg,373,454,leg,156.2077702702703,167.18243243243245,31.826013513513516,52.148648648648674,188.0337837837838,219.33108108108112,1011.4983436244527,9,False,None
IMG0004217.jpg,701,905,E:/FracAtlas/images/Fractured/IMG0004217.jpg,373,454,hand,237.49831081081084,189.42229729729732,37.57770270270271,34.51013513513513,275.07601351351354,223.93243243243245,803.8173478588378,6,False,None
IMG0004232.jpg,702,906,E:/FracAtlas/images/Fractured/IMG0004232.jpg,373,454,hand,188.41722972972974,97.77871621621622,20.32263513513513,21.472972972972983,208.73986486486487,119.25168918918921,354.7117892279946,5,False,None
IMG0004233.jpg,703,907,E:/FracAtlas/images/Fractured/IMG0004233.jpg,454,373,hand,300.40287162162167,156.88682432432435,19.532094594594582,8.505912162162161,319.93496621621625,165.3927364864865,132.39454409012023,4,False,None
IMG0004262.jpg,704,908,E:/FracAtlas/images/Fractured/IMG0004262.jpg,373,454,hand,244.0168918918919,182.90371621621625,26.841216216216225,26.841216216216196,270.8581081081081,209.74493243243245,331.4074084642084,4,False,None
IMG0004266.jpg,705,909,E:/FracAtlas/images/Fractured/IMG0004266.jpg,373,454,leg,163.49324324324326,315.57601351351354,25.30743243243242,32.59290540540542,188.80067567567568,348.16891891891896,366.7683142919109,4,False,None
IMG0004267.jpg,706,910,E:/FracAtlas/images/Fractured/IMG0004267.jpg,373,454,leg,184.96621621621622,280.2989864864865,23.39020270270271,29.908783783783804,208.35641891891893,310.2077702702703,384.1914633172023,4,False,None
IMG0004320.jpg,707,911,E:/FracAtlas/images/Fractured/IMG0004320.jpg,373,454,leg,168.86148648648648,271.86317567567573,19.939189189189193,34.126689189189165,188.80067567567568,305.9898648648649,456.3100675105002,5,False,None
IMG0004333.jpg,708,912,E:/FracAtlas/images/Fractured/IMG0004333.jpg,373,454,leg,212.57432432432432,93.17736486486488,60.96790540540542,78.60641891891892,273.54222972972974,171.7837837837838,2697.9415446379667,7,False,None
IMG0004334.jpg,709,913,E:/FracAtlas/images/Fractured/IMG0004334.jpg,373,454,leg,210.27364864864867,45.63006756756757,52.14864864864862,79.37331081081084,262.4222972972973,125.00337837837841,2777.999811678227,8,False,None
IMG0004337.jpg,710,914,E:/FracAtlas/images/Fractured/IMG0004337.jpg,373,454,hand,225.45709570957098,100.76402640264027,63.67986798679868,68.1749174917492,289.13696369636966,168.93894389438947,2468.0841352699645,7,False,None
IMG0004349.jpg,711,915,E:/FracAtlas/images/Fractured/IMG0004349.jpg,373,454,hand,236.6947194719472,113.87458745874588,29.592409240924127,40.080858085808586,266.2871287128713,153.95544554455446,780.7870701674137,6,False,None
IMG0004356.jpg,712,916,E:/FracAtlas/images/Fractured/IMG0004356.jpg,454,373,hand,223.2195945945946,76.55320945945947,34.653716216216225,34.338682432432435,257.87331081081084,110.8918918918919,725.8873279423851,6,False,None
IMG0004369.jpg,713,917,E:/FracAtlas/images/Fractured/IMG0004369.jpg,373,454,hand,245.5506756756757,299.08783783783787,16.871621621621586,25.690878378378386,262.4222972972973,324.77871621621625,268.47822886230847,6,False,None
IMG0004370.jpg,714,918,E:/FracAtlas/images/Fractured/IMG0004370.jpg,454,373,hand,198.0168918918919,228.08445945945948,20.16216216216216,17.326858108108127,218.17905405405406,245.4113175675676,168.47056866040475,4,False,None
IMG0004374.jpg,715,919,E:/FracAtlas/images/Fractured/IMG0004374.jpg,373,454,hand,202.60472972972974,194.4070945945946,16.871621621621614,16.10472972972974,219.47635135135135,210.51182432432435,214.3708968681517,4,False,None
IMG0004375.jpg,716,920,E:/FracAtlas/images/Fractured/IMG0004375.jpg,373,454,hand,179.98141891891893,148.01013513513516,17.638513513513516,20.32263513513513,197.61993243243245,168.3327702702703,289.06253994704184,6,False,None
IMG0004376.jpg,717,921,E:/FracAtlas/images/Fractured/IMG0004376.jpg,373,454,hand,200.30405405405406,157.5962837837838,21.856418918918934,14.1875,222.160472972973,171.7837837837838,277.4471072635133,4,False,None
IMG0003376.jpg,718,922,E:/FracAtlas/images/Non_fractured/IMG0003376.jpg,373,454,hand,148.93498817966903,206.78644602048863,28.62096138691885,23.970055161544508,177.55594956658788,230.75650118203313,445.54593411042595,6,False,None
IMG0003375.jpg,719,923,E:/FracAtlas/images/Non_fractured/IMG0003375.jpg,373,454,hand,167.1808510638298,192.4759653270292,33.9873916469661,21.10795902285264,201.1682427107959,213.58392434988184,466.3449040308353,6,False,None
